shipment_id,goods_shipped,goods_shipped_query,hs_code_6_digit,predicted_hs_code,rerank_score,distance,match_rank,top_hs_codes,expected_in_index,is_semantic_outlier,semantic_outlier_reason
4a6d908ce6cc5ec2aeee1c60141ff69c8fc7d06303d39823555dbd8b616ed396,RED PEPPER PODWER,red pepper podwer,71220,90412.0,-7.3607659339904785,0.50701,,"[""090412"", ""090411"", ""090421"", ""090422"", ""070960""]",True,True,hs_code_mismatch
7113e240129c42797b1aad779ce81ddcc19f8b1af37438fd7798c166ef33e4af,ORGANIC DRIED PORCINI MUSHROOMS HS: 07 12 20,organic dried porcini mushrooms hs,71220,71231.0,-3.3833563327789307,0.39514792,,"[""071231"", ""071234"", ""071239"", ""071151"", ""071159""]",True,True,hs_code_mismatch
4f9e74f1499cf6ea09ae63aac14b0673a95ede5836741562696d554dbb343ec6,TOASTED MINCED GARLIC,toasted minced garlic,71220,70320.0,-7.2473602294921875,0.39244956,,"[""070320"", ""070390"", ""071080"", ""070310"", ""071040""]",True,True,hs_code_mismatch
699d491d23e2bb120b733a259f1d17d9bedaf4a57c02f4bb5c88f89b8c84ea19,"FD GARLIC 1/8"" P. O. NO.: 20210041800 FD WHITE O NION 1/4"" P. O. NO.: 20210041546 THIS SHIPMENT C ONTAINS NO SOLID WOOD PACKING MATERIALS",fd garlic p o no fd white o nion p o no,71220,70320.0,-7.1349711418151855,0.4625585,,"[""070320"", ""100840"", ""070310"", ""090710"", ""090720""]",True,True,hs_code_mismatch
8df002e5c3722e9628e095fff8f388cb92b163121991207f42c4d294fd395355,TOASTED MINCED GARLIC 8-20 MESH 25MTS/1000CAR TONS 1000CARTONS ON 20 PALLETS,toasted minced garlic mesh car on,71220,70320.0,-10.33170223236084,0.5472037,,"[""070320"", ""090720"", ""070310"", ""090832"", ""071040""]",True,True,hs_code_mismatch
f24ba1c7895069d24dfb6bfe30893ddb5352acf147d725e15f6c9f81bf9c8eb3,TOASTED MINCED GARLIC,toasted minced garlic,71220,70320.0,-7.2473602294921875,0.39244956,,"[""070320"", ""070390"", ""071080"", ""070310"", ""071040""]",True,True,hs_code_mismatch
1170e9d0778486e453a87bf2c24924fe78a4bfd7069d3d1a542b619cfe751b64,"CLOTHING SHIPPER WEIGHT LOAD AND COUNT. SAID THE INVOICE MEN PANTS WITH 1, 889 BOXES. TOTAL BULTOS: 01, 889 UNIDADES: 21, 855. 00. LEEWRANGLER-NI1220-650 SEW INVOICE 023439OJF. ON BOARD 12/13/2020.",clothing said men pants with total bultos unidades leewrangler ni sew ojf,71220,100410.0,-11.359502792358398,0.7128625,,"[""100410"", ""100821"", ""100710"", ""120729"", ""120721""]",True,True,hs_code_mismatch
568be2a12efe7b9d25e6a2e32ba563ca213f0da7b56516b54496920bb45778bb,TOASTED ONION GRANULATED IRR,toasted onion granulated irr,71220,70310.0,-10.128340721130373,0.5356063,,"[""070310"", ""071090"", ""071080"", ""070390"", ""071040""]",True,True,hs_code_mismatch
e2cba23b3b4a45f8a5c06680ebfb9d29938ede20403179dadcd6737037e0cd47,DEHYDRATED WHITE CAULIFLOWER FLAKES,dehydrated white cauliflower flakes,71220,110520.0,-3.3044888973236084,0.5306278,,"[""110520"", ""070410"", ""070420"", ""110610"", ""070390""]",True,True,hs_code_mismatch
085da9da5a2f4d2a17ad1999c0c7ac216800c0f01b3a5652e30c23b5c97deb25,"CLOTHING SHIPPER WEIGHT LOAD AND COUNT. SAID THE INVOICE MEN PANTS WITH 1933 CARTONS TOTAL BULTOS: 1, 933 TOTAL UNITS SHIPPED: 23, 904. 00 LEEWRANGLER-NI0221-078 LUW INVOICE 023741-023789OJF. ON BOARD 01/08/2021.",clothing said men pants with total bultos total units shipped leewrangler ni,71220,70390.0,-11.327937126159668,0.72217655,,"[""070390"", ""100829"", ""090240"", ""100821"", ""120729""]",True,True,hs_code_mismatch
a5198741892eb1ceb671a82cc64256ccb6b0e8f13cd578541d5b01d8d8567102,TOASTED GARLIC MINCED TOASTED GARLIC GRANULAT ED TOASTED GARLIC POWDER,toasted garlic minced toasted garlic granulat ed toasted garlic powder,71220,70320.0,-5.404668807983398,0.48741055,,"[""070320"", ""090812"", ""090720"", ""090620"", ""070310""]",True,True,hs_code_mismatch
bd4567c635327fa1f188ffb271458654476bbc1a0710a533a825254fe7b42ad1,GARLIC POWDERGARLIC GRANULESONION POWDER ONIO N GRANULESONION MINCEDONION CHOPPED,garlic powdergarlic granulesonion powder onio n granulesonion mincedonion chopped,71220,90812.0,-9.92927360534668,0.5928209,,"[""090812"", ""070320"", ""090720"", ""090811"", ""070410""]",True,True,hs_code_mismatch
c19c6d2a06ad93694473851aa141046f033a8aa6618ab978b45d6b1ef81c56e6,"IQF WHITE ONION BLANCHED 3/8"" DICED ORGANIC P O#2023-00-98253 TEMP: -18'C VENT: CLOSED",iqf white onion blanched diced organic p o temp c vent closed,71220,70310.0,-10.910748481750488,0.52093756,,"[""070310"", ""070320"", ""070390"", ""071080"", ""070410""]",True,True,hs_code_mismatch
ba1af52dc96ef7a161583ff9d670f0789656c63523c886c2689a79cd10b77fd0,ROASTED ONION MINCED,roasted onion minced,71220,70310.0,-7.378358364105225,0.40539104,,"[""070310"", ""071080"", ""070390"", ""070320"", ""071040""]",True,True,hs_code_mismatch
7b53c1027e9bf3dee072bb146ab385a40eb0e9449fd61e56b74e095c92493cd1,GARLIC POWDER TOASTED,garlic powder toasted,71220,70320.0,-5.513825416564941,0.45232666,,"[""070320"", ""090812"", ""090620"", ""090720"", ""070310""]",True,True,hs_code_mismatch
59bc7296ad67addbf4132aa8153b10ad8f1a671df772231e02d19b777dc96372,TOASTED ONION MINCED IRR PO.: 5587-6,toasted onion minced irr,71220,70310.0,-9.703073501586914,0.4830103,,"[""070310"", ""070320"", ""070390"", ""071080"", ""071040""]",True,True,hs_code_mismatch
1914586112a95a95510d374255c2231770eaa0d92edbc3481fe4a7ee9103ff9a,DRIED SPICES,dried spices,71220,90421.0,1.2726279497146606,0.46598005,,"[""090421"", ""071339"", ""070320"", ""091091"", ""070310""]",True,True,hs_code_mismatch
e64ad50547aca50955473bb30bb1fb96a4cc34e0893e197aa0e2e17102d4cc41,GARLIC POWDER TOASTED PO10966 LOT10966-1783 IALS,garlic powder toasted ials,71220,70320.0,-7.743079662322998,0.4238943,,"[""070320"", ""090720"", ""070410"", ""070310"", ""070390""]",True,True,hs_code_mismatch
4d73357331d75571cad33900c5717bc038ced780aaae23dc4e0df4688c3616cd,GARLIC WHITE MINCED,garlic white minced,71220,70320.0,-0.2867822647094726,0.33913982,,"[""070320"", ""070410"", ""070390"", ""070310"", ""090710""]",True,True,hs_code_mismatch
a86a76c4f24bc30421f53073a749c6710e94d9cb9a7d1c32bfdee832d7613418,DEHYDRATED BROCCOLI DEHYDRATED WHITE CABBAGE,dehydrated broccoli dehydrated white cabbage,71220,70490.0,-6.218694686889648,0.4002998,,"[""070490"", ""070410"", ""070420"", ""071080"", ""070390""]",True,True,hs_code_mismatch
f4334acfba8e31f76ed1ad56a4ea67b065ae68aae25980a32542998b99d2334e,"TOTAL PACKAGES: - 1040 NOS. (ONE THOUSAND AND FORTY PACKAG ES ONLY) DEHYDRATED WHITE ON ION POWDER (26. 00 MT) NETT H S CODE: - 07122000 LOT NO: - 3 1375-31627-1 PACKING: - 25 K G HDPE BAG IN TO ONE CARTON TOTAL BOX: - 1040 NOS. TOTAL PACKAGES: - 1040 NOS. MFG D ATE: - JUY-2022 EXPY DATE: - DEC-2024 TOTAL NET WT.: - 26. 000 MT, GROSS WT.: - 27. 352 MT INVOICE NO. & DATE: SF/11/ 2022-23 & 18/07/2022 GOOD OF ORIGIN: INDIA SHIPPING BIL L NO.: 2922166 FREIGHT PREPA ID -PLACE OF FINAL DESTINATI ON AUSTRIA (MUNDRA TO HAMBUR G BY SEA ENROUTE TO AUSTRIA BY ROAD.)",total packages nos one thousand forty packag es only dehydrated white on,71220,81310.0,-11.028541564941406,0.64288694,,"[""081310"", ""090210"", ""090230"", ""090220"", ""080111""]",True,True,hs_code_mismatch
676ac37ab7a5fc974dd19bb3dc5b193b1d82c46c0e4c81dd82010a03bcb8fd6a,ROASTED ONION MINCED,roasted onion minced,71220,70310.0,-7.378358364105225,0.40539104,,"[""070310"", ""071080"", ""070390"", ""070320"", ""071040""]",True,True,hs_code_mismatch
65a380a1c5d292a3ec3886a24e7a626f92d049f7cf9cac3d11303a57829287ec,30# IQF SLICED WHITE 30# IQF SLICED WHITE ONION 8-10MM # P22966 30LBS PER CARTON VENT CLOSED CONTENTS . REEFER SET AT -18. 0 C.,iqf sliced white iqf sliced white onion mm p per vent closed,71220,70310.0,-11.022909164428713,0.6195243,,"[""070310"", ""070320"", ""070390"", ""071090"", ""071080""]",True,True,hs_code_mismatch
62b38065b772ac81666f82cd73442da8e11db2de76912d508f7b546a40a6c741,DRIED SPICES,dried spices,71220,90421.0,1.2726279497146606,0.46598005,,"[""090421"", ""071339"", ""070320"", ""091091"", ""070310""]",True,True,hs_code_mismatch
5c5d2c2451cbeb3abb85c81564fe218825db4728bb7340f15e8eda165a77d423,ROASTED ONION CHOPPED CRUSHED CHILI CRUSHED C.,roasted onion chopped crushed chili crushed c,71220,90422.0,-0.7498546838760376,0.48820317,,"[""090422"", ""090421"", ""090412"", ""090411"", ""070310""]",True,True,hs_code_mismatch
016f77e05ff1d7b193cc57323a93b2e0ca91516998698ed7524abc8bef975d67,GARLIC GRANULATED STD( CTNS) GARLIC POWDER STD( CTNS) GARLIC POWDER IRRA( CTNS) ONION POWDER STD( CTNS) ONION POWDER IRRA( CTNS),garlic granulated std ctns garlic powder std ctns garlic powder irra ctns,71220,70320.0,-7.714145660400391,0.5017805,,"[""070320"", ""090422"", ""090720"", ""090922"", ""070310""]",True,True,hs_code_mismatch
f6086b833f92b4e07facebcb60e0e3856cd4aa699037424cf631a3c5f40379a9,ROASTED GARLIC POWDER STD,roasted garlic powder std,71220,70320.0,-8.96631145477295,0.48171186,,"[""070320"", ""090922"", ""090720"", ""070410"", ""070310""]",True,True,hs_code_mismatch
522c460fad97b0046ced688f475e28a967121b182dd8e02aab4b165e330f0910,"01X40 HC FCL SAID TO CONTAIN TOTAL 1000 (ONE THOUSAND) PACK AGES DEHYDRATED WHITE ONION P OWDER NET WEIGHT OF EACH BOX: 25. 000 KGS GROSS WEIGHT OF EACH BOX: 26. 000 KGS H. S. COD E: 07122000 INVOICE NO.: MD/ EXP-027/23-24, DT. 01. 05. 2023 S. BILL NO.: 9715373, DT. 02. 0 5. 2023 TOTAL GROSS WT.: 26000. 00 KGS TOTAL NET WT.: 25000. 00 KGS FREIGHT PREPAID",x hc fcl said to contain total one thousand pack ages dehydrated,71220,81310.0,-11.138315200805664,0.73109967,,"[""081310"", ""090210"", ""090220"", ""090230"", ""110900""]",True,True,hs_code_mismatch
9f996e0728a1fb8b391bb29cae9a2ef9f66646a23e1e99291af210580a05c9a2,DEHYDRATED TOASTED GARLIC GRANULES FDA NO 10.,dehydrated toasted garlic granules fda no,71220,70320.0,-10.913639068603516,0.5029232,,"[""070320"", ""071029"", ""090720"", ""070390"", ""071140""]",True,True,hs_code_mismatch
a9ac200d6eafb13b1f5cf5ef78a53a351d6256d964be6b387b20b402ff498315,"CLOTHING SHIPPER WEIGHT LOAD AND COUNT. SAID THE INVOICE EN PANTS, JACKET 100% COTTON AND WOMAN PANTS WITH 1, 706 BOXES. TOTAL BULTOS: 1, 706 UNIDADES: 20, 976. LEEWRANGLER-NI0920-449 EL PASO INVOICE 022905OJF. ON BOARD 09/2202020.",clothing said pants jacket cotton woman pants with total bultos unidades leewrangler,71220,70390.0,-11.351823806762695,0.7006186,,"[""070390"", ""120729"", ""120721"", ""070310"", ""091099""]",True,True,hs_code_mismatch
e99237dfdde28a5f85ffe2f9141ffd0c80234dff026e54cff01d459edc530e45,CORRUGATED WHITE BOX WITH LID 7PALLETS=188 C ARTONS,corrugated white with lid c artons,71220,80719.0,-11.346183776855469,0.7394686,,"[""080719"", ""121010"", ""110422"", ""110412"", ""110419""]",True,True,hs_code_mismatch
e7402b64fb99e7f7361f1646145ce8694555ef924b14d27e0abe85e9632891d4,"CLOTHING SHIPPER WEIGHT LOAD AND COUNT. SAID THE INVOICE MEN PANTS 100% COTTON WITH 1, 751 BOXES. TOTAL BOXES SHIPPED: 1, 751 TOTAL UNITS SHIPPED: 22, 970. LEEWRANGLER-NI1020-485 SEW INVOICE 023005OJF. ON BOARD 10/07/2020.",clothing said men pants cotton with total shipped total units shipped leewrangler,71220,70390.0,-11.076382637023926,0.71360826,,"[""070390"", ""120729"", ""120721"", ""090220"", ""090210""]",True,True,hs_code_mismatch
8e5b2d68ce304f63ec722010f461bb62671996d095a88e280f2e6d7eb4b90ff5,CHEMISE COL BORD-COTES MA: BOX6: 15/11/202 TEE-SHIRT: BOX4: 12/11/2021,chemise col bord cotes ma tee shirt,71220,100810.0,-11.428167343139648,0.7251766,,"[""100810"", ""110610"", ""080111"", ""110630"", ""071350""]",True,True,hs_code_mismatch
7e44b5a4b4001a1d45ffd7f561b649af4148d285596589d573384a0eefe1172e,"CLOTHING SHIPPER WEIGHT LOAD AND COUNT. SAID THE INVOICE MEN PANTS, JACKET, VEST, SHORT, AND WOMAN PANTS, SHORT WITH 1, 646 BOXES. TOTAL BULTOS: 1, 646 UNIDADES: 21, 487. 00. LEEWRANGLER-NI0321-176 EPW INVOICE 024085OJF. ON BOARD 03/21/2021.",clothing said men pants jacket vest short woman pants short with total,71220,90121.0,-11.399054527282717,0.8324182,,"[""090121"", ""071333"", ""100710"", ""071310"", ""071320""]",True,True,hs_code_mismatch
ee65b4aea57eef9395765369bd615aefe7d26f77a3e1844edd8f36c90a86c548,"CLOTHING SHIPPER WEIGHT LOAD AND COUNT. SAID THE INVOICE MEN PANTS WITH 1, 760 BOXES TOTAL BULTOS: 1, 760 UNIDADES: 22, 054. 00 LEEWRANGLER-NI0621-340 SEW INVOICE 000333OJF. ON BOARD 06/27/2021.",clothing said men pants with total bultos unidades leewrangler ni sew ojf,71220,100410.0,-11.359502792358398,0.7128625,,"[""100410"", ""100821"", ""100710"", ""120729"", ""120721""]",True,True,hs_code_mismatch
053a95b66b88fca0cb90b959fedda6b3bbdc93905f1d44a34ce201a75225db26,TOASTED MINCED GARLIC,toasted minced garlic,71220,70320.0,-7.2473602294921875,0.39244956,,"[""070320"", ""070390"", ""071080"", ""070310"", ""071040""]",True,True,hs_code_mismatch
a7c8073a42fc6361546d56baff4b2c8d007e463ef435daf08a85a8c960c12caf,TOASTED GARLIC FLAKES TOASTED GARLIC MINCED TOASTED GARLIC POWDER TOASTED GARLIC GRAN ULATED,toasted garlic flakes toasted garlic minced toasted garlic powder toasted garlic gran,71220,70320.0,-3.743601322174072,0.47894228,,"[""070320"", ""090720"", ""110630"", ""070310"", ""070390""]",True,True,hs_code_mismatch
6f6be7c3d8c02fd80b06a73ed1216c1b9fee8f124a5f138e188d4122864f375f,"AD RED BELL PEPPER -8+40 AD RED BELL PEPPER - 20+60 AD GREEN BELL PEPPER -16+40 AD GREEN BE LL PEPPER -20+60 AD GREEN BELL PEPPER FLAKES 3/8"" AD RED BELL PEPPER -8+40 AD GREEN BELL P EPPER FLAKES 1/4"" AD ONION CHOPPED, TOASTED A D GREEN CHILI POWDER-40 THE GOODS THAT ARE T HE SUBJECT OF THIS BILL OF LADING ARE SUBJECT TO A LIEN IN FAVOR OF WELLS FARGO BANK, N. A. CY/DOOR",ad red bell pepper ad red bell pepper ad green bell pepper,71220,90421.0,-9.384639739990234,0.6105654,,"[""090421"", ""070960"", ""090412"", ""090422"", ""090411""]",True,True,hs_code_mismatch
530b7f6f5756038e63d484217962046fd796c8ebedfe5b3e3b620422d2dc1656,1X40HQ TOTAL PACKAGE 1025 ROASTED ONION GRANULES 91 CART ONS EACH ARE CONTAINING TWO PO LY BAG COVER BY FOIL BAG OF 24. 950 KGS NET ROASTED ONION POWDER 364 CARTONS EACH ARE CO NTAINING TWO POLY BAG COVER B Y FOIL BAG OF 24. 950 KGS NET ROASTEDONION MINCED 570 CARTO NS EACH ARE CONTAINING TWO POL Y BAG COVER BY FOIL BAG OF 1 9. 950 KGS NET INVOICE NO: RDRI 037/2021-2022 DATE: 11/01/202 2 S. B. NUMBER: 7427044 DATE: 12 /01/2022 TOTAL GROSS WEIGHT: 24073. 350 KGS TOTAL NET WEIGH T: 22723. 750 KGS FREIGHT PRE PAID APPLICABLE FREE TIME 4 DAYS DEMURRAGE AT (PORT OF DI SCHARGE / PLACE OF DELIVERY),x hq total package roasted onion granules cart ons each are containing,71220,70310.0,-10.790449142456056,0.60636485,,"[""070310"", ""071090"", ""070420"", ""070390"", ""071140""]",True,True,hs_code_mismatch
978541a96a1f6c012ee092822c7480bfddf67063048eda451e6060398660cce1,LAMINATED PL14-ET15,laminated pl et,71220,71021.0,-11.356698989868164,0.68867725,,"[""071021"", ""071310"", ""110423"", ""110422"", ""071320""]",True,True,hs_code_mismatch
5174892c699bf7b606d344a1a84a8b31ff14a75cd54aeb6a63ba8e4a8b202fd5,TOASTED MINCED GARLIC,toasted minced garlic,71220,70320.0,-7.2473602294921875,0.39244956,,"[""070320"", ""070390"", ""071080"", ""070310"", ""071040""]",True,True,hs_code_mismatch
2b1a8e5e5a569d372812cd6e2e35e433dc0c20441ace9c85bf237df8a42050f8,FREEZE DRIED MINCED GARLIC,freeze dried minced garlic,71220,70320.0,-3.570894241333008,0.35343862,,"[""070320"", ""071080"", ""071090"", ""071040"", ""070310""]",True,True,hs_code_mismatch
9a13205b8d73c4d047b604b9d3c48d801060bc9bc525b8652cbf54750e88675b,NON PALLETIZED CARGO NO WOODE N PALLETS TOTAL 600 CARTON BO X (SIX HUNDRED ONLY) DEHYDRAT ED WHITE ONION POWDER H. S. C ODE: - 07122000 LOT NO.: - RD /DWOP/30042023 PACKAGING: 20 KG ALUMINUM FOIL BAG LOADED INTO CARTON BOX TOTAL BOX: - 600 NOS. MFG DATE: - APRIL 2 023 EXP DATE: - MARCH 2025 TOTAL NET WT: 12000 KGS TOT AL GT WT: 12600 KGS INVOICE NO.: RD/2023-24/022 DATE: 08 /05/2023 GOOD OF ORIGIN: I NDIA SHIPPING BILL NO.: 99263 07 & DATE: 10. 05. 2023,non palletized cargo no woode n total bo x six hundred only,71220,90210.0,-11.421382904052734,0.63509405,,"[""090210"", ""090220"", ""080292"", ""080291"", ""080232""]",True,True,hs_code_mismatch
b8df6f237564d52cfe73044532e00d3d6cfe31c7719a93f1426fec48466d6b47,TOASTED GARLIC GRANULATED PACKINGIN LB CART ON TOASTED GARLIC GRANULATED PACKINGIN LB CARTON TOASTED ONION CHOPPED PACKINGIN L B CARTON TOASTED ONION GRANULATED PACKINGIN LB CARTON FDA NO. THIS SHIPME NT CONTAINS NO WOODEN PACKING MATERIALS.,toasted garlic granulated packingin cart on toasted garlic granulated packingin toasted onion,71220,70320.0,-5.919802188873291,0.52987385,,"[""070320"", ""070310"", ""071090"", ""070420"", ""070390""]",True,True,hs_code_mismatch
82406e6bba31846f2de42452df18350c1502fde5d5338e6ecae889343910cac6,"PANCAKES TAIWANESE GREEN ONION PANCAKES TAIWANESE GREEN ONION PO#0128563297 @92408, U. S. A REEFER CONTAINER",pancakes taiwanese green onion pancakes taiwanese green onion u s a reefer,71220,70310.0,-10.57257080078125,0.57634234,,"[""070310"", ""070390"", ""070610"", ""071030"", ""081030""]",True,True,hs_code_mismatch
27b8145dbb900c17966904629b2eb4c0e75eb156ef89792b70775ecbdc8a5900,"CLOTHING SHIPPER WEIGHT LOAD AND COUNT. SAID THE INVOICE MEN PANTS WITH 1, 555 BOXES TOTAL BULTOS: 1, 555 UNIDADES: 22, 101. 00 LEEWRANGLER-NI0521-282 SEW INVOICE 000185OJF. ON BOARD 05/30/2021.",clothing said men pants with total bultos unidades leewrangler ni sew ojf,71220,100410.0,-11.359502792358398,0.7128625,,"[""100410"", ""100821"", ""100710"", ""120729"", ""120721""]",True,True,hs_code_mismatch
067bbea26c549d57f44cc351c4149a993a7862a2532932d824ca113e37446f23,TOASTED MINCED GARLIC 8-16 MESH 25MTS/1000CAR TONS 1000CARTONS ON 18 PALLETS THIS SHIPMENT CONTAINS NO SOLID WOOD PACKING MATERIALS,toasted minced garlic mesh car on this contains no solid wood packing,71220,70320.0,-10.451211929321287,0.57300705,,"[""070320"", ""090720"", ""090710"", ""070310"", ""071120""]",True,True,hs_code_mismatch
44cfd5e4c6b0ba3f618b3020091ce7444caf0bf29d30599e50b00fd8a8765b42,"CLOTHING SHIPPER WEIGHT LOAD AND COUNT. SAID THE INVOICE MEN PANT-SHORT AND WOMANS PANTS ANS SHORT 100% COTTON 1, 654 BOXES. TOTAL BOXES SHIPPED: 1, 654 TOTAL UNITS SHIPPED: 21, 355. LEEWRANGLER-NI0720-324 EL PASO INVOICE 022552OJF. ON BOARD 08/02/2020.",clothing said men pant short womans pants ans short cotton total shipped,71220,120721.0,-11.404218673706056,0.7408203,,"[""120721"", ""090210"", ""090230"", ""110100"", ""110430""]",True,True,hs_code_mismatch
525b3bfc5ebbc224fe6607bd3f322c2919ee79ca01c071c5efcc17f4b6578233,TAPIOCA STARCH TAPIOCA SHEET QUANGNAM S NO ODLES TAPIOCA FLAKE BLACK SESAME CRACKER W HITE SEAME CRACKER JACK FRUIT CHIPSMIXED F RUIT CHIPS -A- DRIED ONION WHITE PEPPER WDER TURMERIC POWDER FIVE SPICE POWDER STA R ANISEED COCO CARA MEL SYRUP STRAW BROOM SHRIMP CHIPS CRAB CHIPS,tapioca starch tapioca sheet quangnam s no odles tapioca flake black sesame,71220,110811.0,-10.051761627197266,0.49532127,,"[""110811"", ""110812"", ""110610"", ""100630"", ""110100""]",True,True,hs_code_mismatch
74b1a865c0d01267daffdc35ae234f813cf0ffdd30a0d15104b4803561ce1f10,"CLOTHING SHIPPER WEIGHT LOAD AND COUNT. SAID THE INVOICE MEN PANTS 100% COTTON WITH 1540 CARTONS. TOTAL BOXES SHIPPED: 1, 540 TOTAL UNITS SHIPPED: 21, 904. LEEWRANGLER-NI0720-325 LUW LEEWRANGLER-NI0720-326 MOW INVOICE 022558OJF-022566OJF. ON BOARD 07/31/2020.",clothing said men pants cotton with total shipped total units shipped leewrangler,71220,70390.0,-11.076382637023926,0.71360826,,"[""070390"", ""120729"", ""120721"", ""090220"", ""090210""]",True,True,hs_code_mismatch
7e85f61c1a2bb1a6d67dd4b1ffbdb984005f7f95c70ed6145842a011a2d45ff6,"PICKLED MUSHROOMS WITH CARROT AND ONION, PICKLED MUSHROOMS WITH ONION AND PEPPER.",pickled mushrooms with carrot onion pickled mushrooms with onion pepper,71220,70959.0,-7.816225051879883,0.5625931,,"[""070959"", ""071159"", ""070310"", ""070490"", ""070390""]",True,True,hs_code_mismatch
e49253cef9769f4c6de0c259e620669abe5ac00a101018e30a893b111cc8988c,"MEN PANTS SHIPPER WEIGHT LOAD AND COUNT. SAID THE INVOICE MEN PANTS WITH 1786CARTONS TOTAL BULTOS: 1, 786 TOTAL UNITS SHIPPED: 23, 538. 00 LEEWRANGLER-NI0121-034 LUW INVOICE 023689-023667OJF. ON BOARD 01/22/2021.",men pants said men pants with total bultos total units shipped leewrangler,71220,70390.0,-11.281822204589844,0.7598002,,"[""070390"", ""100829"", ""100821"", ""120729"", ""090931""]",True,True,hs_code_mismatch
353fff301bf29a036d8fe0a03f7a7e58119f2d8de0785dc6190a1d0edd2548b8,DRIED SPICES,dried spices,71220,90421.0,1.2726279497146606,0.46598005,,"[""090421"", ""071339"", ""070320"", ""091091"", ""070310""]",True,True,hs_code_mismatch
31480e4e46821438b4d0474fbcb166cbeaa18aee190a1fd9d39708b4c3a33583,TOASTED MINCED GARLIC,toasted minced garlic,71220,70320.0,-7.2473602294921875,0.39244956,,"[""070320"", ""070390"", ""071080"", ""070310"", ""071040""]",True,True,hs_code_mismatch
7c9ff9b56b0c6abc286de23f89bce2360ca50b9a5724d8c0700310c53fddd591,TOASTED GARLIC POWDER STD,toasted garlic powder std,71220,70320.0,-8.634686470031738,0.4816513,,"[""070320"", ""090812"", ""090720"", ""090922"", ""070310""]",True,True,hs_code_mismatch
95e5128a16f093071e8349218595cedb9badd694c2dc982607fa5072fec46901,ROASTED MINCED GARLIC ROASTED GARLIC GRANULAT 6406,roasted minced garlic roasted garlic granulat,71220,70320.0,-7.737226486206055,0.47108442,,"[""070320"", ""070410"", ""090710"", ""090720"", ""071040""]",True,True,hs_code_mismatch
136060ccd97c3d7ec4d249713af8b2cf0aac3f2aebc4d475aa80e2039b1af7a6,GARLIC POWDERGARLIC GRANULES IRRADIATED GARLI C MINCED IRRADIATED GARLIC GROUNDONION POWDER TOASTED ONION POWDER TOASTED ONION CHOPPED,garlic powdergarlic granules irradiated garli c minced irradiated garlic groundonion powder toasted,71220,90812.0,-7.638200759887695,0.58283335,,"[""090812"", ""090720"", ""090422"", ""070320"", ""091012""]",True,True,hs_code_mismatch
e5a8615a42a339af9d36d59fd1a37a7ad13f4b501cc305d91e71b815788e18d0,TOASTED MINCED GARLIC,toasted minced garlic,71220,70320.0,-7.2473602294921875,0.39244956,,"[""070320"", ""070390"", ""071080"", ""070310"", ""071040""]",True,True,hs_code_mismatch
be210d106b5c3753f72bb5a8fda251a97b0904e2bf355cb6d7938e65a9339653,"MEN PANTS SHIPPER WEIGHT LOAD AND COUNT. SAID THE INVOICE MEN PANTS WITH 1, 932CARTONS TOTAL BULTOS: 1, 932 TOTAL UNITS SHIPPED: 21, 897. 00 LEEWRANGLER-NI0121-032 LUW LEEWRANGLER-NI0121-033 MOW INVOICE 023659-023665OJF. ON BOARD 01/11/2021.",men pants said men pants with total bultos total units shipped leewrangler,71220,70390.0,-11.281822204589844,0.7598002,,"[""070390"", ""100829"", ""100821"", ""120729"", ""090931""]",True,True,hs_code_mismatch
ed56b2dde10a52622943b73d3e44e1fcad0679c2bafb0eb89b2dd29dd5410824,TOASTED GARLIC POWDER TOASTED GARLIC GRANULAT ERIALS,toasted garlic powder toasted garlic granulat erials,71220,70320.0,-7.37208366394043,0.5033177,,"[""070320"", ""090812"", ""090620"", ""090720"", ""070310""]",True,True,hs_code_mismatch
719861eb4ace98f5c35e9738deeec136c3b82712aa767412374c9f6e2b640b16,TOASTED MINCED GARLIC,toasted minced garlic,71220,70320.0,-7.2473602294921875,0.39244956,,"[""070320"", ""070390"", ""071080"", ""070310"", ""071040""]",True,True,hs_code_mismatch
62080c8ea8bb2253ad6f02b0d7e1355a9967867e68391baa0f5b7a9aad2542cc,DEHYDRATED WHITE ONION GRA NULES TOASTED HS C ODE: 071 22000 FREIGHT COLLECT,dehydrated white onion gra nules toasted hs c ode freight collect,71220,70310.0,-11.06011962890625,0.51741016,,"[""070310"", ""071090"", ""070390"", ""071080"", ""071040""]",True,True,hs_code_mismatch
cbd3e31ccbe0e6d83bf4070f3d7879b57554f23e6f3c7f1f279951a002a8d8ed,BOATS - 380 TARGA WGM 326,boats targa wgm,71220,71440.0,-10.403371810913086,0.6655278,,"[""071440"", ""080921"", ""071430"", ""120590"", ""100620""]",True,True,hs_code_mismatch
9e680bb378e0d28d7f027405cdd0f1e84905a2659c278e2672d3424fe56ca956,TOASTED GARLIC POWDER TOASTED GARLIC GRAIN,toasted garlic powder toasted garlic grain,71220,70320.0,-6.218854904174805,0.5080796,,"[""070320"", ""090812"", ""090620"", ""090720"", ""070310""]",True,True,hs_code_mismatch
85db7e70c75690c500a028487bab3ff0e1f6d133ab1c074f40ec31afd3a03143,TOASTED MINCED GARLIC 8-16 MESH,toasted minced garlic mesh,71220,70320.0,-8.981046676635742,0.45076227,,"[""070320"", ""070390"", ""071080"", ""070310"", ""071040""]",True,True,hs_code_mismatch
1439ddd4937a3b0a922ec33f31ae38d9dd50250b26637656b4abaa71b1c2bba3,CEBOLLA,cebolla,71220,120510.0,-10.64304542541504,0.7403075,,"[""120510"", ""070410"", ""071440"", ""071450"", ""090831""]",True,True,hs_code_mismatch
94adda43183dbb6fe3d99367ecb158dfda497b4b2bc2987ddc24f15b937f8066,1 X 40 CONTAINERS CONTAINING 1319 PACKAGES OF DEHYDRATED O NION STANDARD FLAKE,x containing packages dehydrated o nion standard flake,71220,110520.0,-6.980874061584473,0.55627984,,"[""110520"", ""110412"", ""081310"", ""110419"", ""090210""]",True,True,hs_code_mismatch
9ded67442c9aea73aed70fda7dc4ed44c4f5b5f87de893f6b2e377cdedd79767,GARLIC POWDER 25KGS,garlic powder,71220,70320.0,-1.3687034845352173,0.34429133,,"[""070320"", ""090812"", ""090720"", ""070410"", ""070310""]",True,True,hs_code_mismatch
3f30ec5eb9bd8de405a4935a1bb4d025f2d19d4c3c909160d9baf52fd8acdad8,FRIED ONION (FRY ONION) - MFG: TRUC NHI JOINT STOCK COMPANY - GIFT  100% NEW  25KG/UNK,fried onion fry onion mfg truc nhi joint stock company gift new,71220,70310.0,-10.514373779296877,0.65931475,,"[""070310"", ""070320"", ""070110"", ""081050"", ""070190""]",True,True,hs_code_mismatch
7a7c22706f799c1e37920b79898348018a4f857433b636a67382ff2fd44a72fb,1 X 40 CONTAINERS CONTAINING 1180 PACKAGES OF DEHYDRATED WHITEO NION MINCED,x containing packages dehydrated whiteo nion minced,71220,81310.0,-10.184656143188477,0.5863597,,"[""081310"", ""090210"", ""090220"", ""090230"", ""071332""]",True,True,hs_code_mismatch
6e6d02b4bf4585a699a933d46e6cff5b56e0a23f629b8ee4e4de2b111207169d,White Onion  brand: SANTRAM FOOD EXPORT  100g/bag  dried for use in spices  Sample for research and testing and not for consumption in the market  manufactured: 12/1/2024  expired: 12/1/2025  100% new,white onion brand santram food export dried use in spices sample research,71220,70310.0,-9.462858200073242,0.4610542,,"[""070310"", ""090421"", ""070320"", ""091091"", ""071339""]",True,True,hs_code_mismatch
99cceab9fd7f8c1883f172f6cce03ef36a887a32f622126eb245f36f66b89670,"CEBOLLA EN POLVOLULIN-FDESHIDRATADASENVASADA EN CAJA DE 25 KILOS CADA UNA, PARA CONSUMO HUMANO",cebolla polvolulin fdeshidratadasenvasada caja kilos cada una consumo humano,71220,100840.0,-11.30606174468994,0.59516007,,"[""100840"", ""071233"", ""121229"", ""071450"", ""071440""]",True,True,hs_code_mismatch
7325bc34416eb38587dce041cdabca1bab35c4a43062a9b26240706c79f712c1,CEBOLLA,cebolla,71220,120510.0,-10.64304542541504,0.7403075,,"[""120510"", ""070410"", ""071440"", ""071450"", ""090831""]",True,True,hs_code_mismatch
47d21e657b361d3fb823662b01df0aab6f6fc3f0e183835d5213c92b56214423,CEBOLLA EN POLVO,cebolla polvo,71220,80270.0,-11.270511627197266,0.7302345,,"[""080270"", ""071440"", ""070410"", ""071410"", ""100840""]",True,True,hs_code_mismatch
482aae9d4cffe710fc6a335b43d37b7bd348453491b64e3a8d9323686d3d1ec7,DO MDEMTE106635. Codigo UAP: 617. Pedido Tramite: 009/2020(3). Declaracion(1-3). SEGUNDA N,do mdemte codigo uap pedido tramite declaracion segunda n,71220,100840.0,-11.473825454711914,0.79864717,,"[""100840"", ""071440"", ""080262"", ""080261"", ""121292""]",True,True,hs_code_mismatch
880c921cade43571536bdc02c6632d9ae73aecc13f477590af2d4836eba32182,"DO,00030135 Pedido 4500929345 (C) D,I, 25302488 Codido, UAP No, 0334FACTURA No, 429335 DE FECHA  23-AGO-2021  , FIRMENIC",do pedido c d i codido uap no no fecha ago firmenic,71220,100840.0,-11.462128639221191,0.6569843,,"[""100840"", ""080440"", ""120300"", ""110813"", ""081310""]",True,True,hs_code_mismatch
da2182fac4af587c35a7196e03b2c891686cea355e2eefce6b0acefa26af78e5,"CEBOLLA ROJA EN POLVO, S/M, S/M, LOTE: 24J003OPR DATE OF MFG.: 03/10/2024; DATE OF EXP.:02/10/2025, USO: EN SAZONADORES EN POLVO, ONION POWDER RED, DESHIDRATADO (SECADO) INDUSTRIAL CON AIRE CALIENTE DENTRO DEL HORNO",cebolla roja polvo s m s m lote j opr date mfg,71220,80410.0,-11.42075252532959,0.6408437,,"[""080410"", ""100310"", ""120600"", ""100821"", ""100410""]",True,True,hs_code_mismatch
ea6ef0265a5d38e69d11b18609fa1e274ebd77795561a9b39efc8417d6f8d1cc,"CEBOLLA EN POLVO, BADIA, 8/2.75 OZ, REG. SANITARIO.M5300311E-NAPYMIF. INICIO 31/05/2021, F. VENCIMIENTO 31/05/2026, PARA CONSUMO HUMANO, FRASCOS CONTENIENDO 8/2.75 OZ  CADA UNO, CEBOLLA EN POLVO BADIA, REGISTRO SANITARIO N° 09451-2021",cebolla polvo badia oz reg sanitario m e napymif inicio f vencimiento,71220,100840.0,-11.413564682006836,0.70409656,,"[""100840"", ""071440"", ""120510"", ""120600"", ""080121""]",True,True,hs_code_mismatch
77980f186c823379a77f4fb00045dcefc3ba01665853cce50cbd9651707368a4,"CEBOLLA EN POLVO, BADIA, 8/2.75 OZ, PAQUETES CONTENIENDO 8/2.75 OZ CADA UNO, REG. SANITARIO. M5300311E-NAPYMI, F. INICIO 31/05/2021, F. VENCIMIENTO 31/05/2026, CEBOLLA EN POLVO BADIA, PARA CONSUMO HUMANO,CEBOLLA EN POLVO BADIA, CERTIFICADO DIGESA N° 09451-2021",cebolla polvo badia oz paquetes conteniendo oz cada uno reg sanitario m,71220,71350.0,-11.39004898071289,0.75231695,,"[""071350"", ""071440"", ""100840"", ""080121"", ""071410""]",True,True,hs_code_mismatch
5cb5adf57ffe712bc3edc532d3be0a42767fdb005323ee9940d034dc5e45b880,"DO:BUNI-107-23, PEDIDO ATL8779/23, DECLARACION 1 DE 3, REGISTRO DE IMPORTACION: REG-50051242-20230104N DEL 2023-04-04, V",do buni pedido atl declaracion registro importacion reg n del v,71220,71339.0,-11.503162384033203,0.7825495,,"[""071339"", ""080410"", ""090520"", ""080122"", ""080121""]",True,True,hs_code_mismatch
4628c7a7e8a37a681538e47fbf1cfff2334cd4048cbcbb41d435260c3825e1e7,"CEBOLLA EN POLVO ORGANICO BADIA 8/1.75 OZ, REGISTRO SANITARIO M5300320E, F.INICIO 10/09/2020 , F.VENCIMIENTO 10/09/2025, PARA CONSUMO HUMANO, PAQUETES CONTENIENDO 8 UNIDADES X 1.75 OZ CADA UNO, CEBOLLA EN POLVO ORGANICO BADIA, CERTIFICADO DIGESA NRO. 13387-2020",cebolla polvo organico badia oz registro sanitario m e f inicio f,71220,100840.0,-11.435985565185549,0.6338195,,"[""100840"", ""120300"", ""071440"", ""120510"", ""121130""]",True,True,hs_code_mismatch
7c7c913976c6b1f7645b27e23814ef500a8a0a32bc8c3525b180fc6ca5ab1e7b,"CEBOLLA EN POLVO, S/M, S/M, LOTE: 211115-0828, 211116-0829,400 CARTONES/ 10,000 KGS, FECHA PRODUCCION: 15, NOV,2021 / 16, NOV,2021, ONION POWDER, FECHA EXPIRACION: 15, NOV,2023 / 16, NOV,2023",cebolla polvo s m s m lote cartones fecha produccion nov nov,71220,120923.0,-11.423906326293944,0.6485195,,"[""120923"", ""100840"", ""080241"", ""071440"", ""070410""]",True,True,hs_code_mismatch
21525c85af2d1e407ba17aa4354a4a7322aa962713f09cc07f8d5876cc71267a,"Do: 13MDEBU07240462, Nro Pedido  Orden Compra:PO 10595  Producto Cebolla Polvo, Declaracion: 11 MERCANCIA NUEVA DE P",do mdebu nro pedido orden compra producto cebolla polvo declaracion mercancia nueva,71220,71440.0,-11.43248176574707,0.68190753,,"[""071440"", ""120300"", ""121299"", ""120710"", ""080121""]",True,True,hs_code_mismatch
db93d703f412cfb211bd6400772682569e135e433223d16bc41cabd1229fd238,DO 8250153-001 CODIGO  RESOLUCION OEA DECLARANTE: RESOLUCION 009264 DE 02-11-2023 DECLARACION(1-1) MERCANCIA NUEVA,do codigo resolucion oea declarante resolucion declaracion mercancia nueva,71220,80261.0,-11.45750617980957,0.75345075,,"[""080261"", ""071151"", ""071430"", ""071159"", ""081210""]",True,True,hs_code_mismatch
86c3dccce63cd687d925be78fac67f0ffc93baaa3603f64a11cbf45b881db737,"Do: 13BOGCT04220137, Nro Pedido  Orden Compra:PED 03-10759-1, Declaracion: 11 Codigo OEA: OE0104  MERCANCiA NUEVA Y",do bogct nro pedido orden compra ped declaracion codigo oea oe mercancia,71220,80251.0,-11.485745429992676,0.72587234,,"[""080251"", ""080111"", ""080261"", ""080280"", ""080121""]",True,True,hs_code_mismatch
73c0513b1cbf2bdcb0a09df475f28e33b4b440ff42a549a042caede3aa48ef54,DO BOGMMA141742. Usuario Apto: B00212. Pedido Tramite: 4500664032. Declaracion(1-1). MERCANCIA NUEVA. NOS ACOGEMOS AL CO,do bogmma usuario apto b pedido tramite declaracion mercancia nueva nos acogemos,71220,71440.0,-11.381647109985352,0.7071735,,"[""071440"", ""071334"", ""080940"", ""080440"", ""081210""]",True,True,hs_code_mismatch
a27ab4bad9f76075462af7c247b9294127e912360d63fd03278013b58bdcf7ed,DO BOGMMA158783. Usuario Apto: B00212. Pedido Tramite: 4500709412 4500708597 4500704602 4500707323 4500718615. Declaraci,do bogmma usuario apto b pedido tramite declaraci,71220,71440.0,-11.395647048950195,0.64414304,,"[""071440"", ""100840"", ""080940"", ""071334"", ""080111""]",True,True,hs_code_mismatch
393742826bee7991b92bcfa18c2640e479bcf786df9545044006be475bec51a0,CODIGO UTS B00163 DO 244412717 ORDEN COMPRA:4574393314 DECLARACION 1 DE 1 FACTURA(S) / FECHA(S): A 21234 DE 17/04/2024,codigo uts b do orden compra declaracion s fecha s a,71220,71350.0,-11.417789459228516,0.7013574,,"[""071350"", ""100840"", ""080810"", ""120810"", ""080280""]",True,True,hs_code_mismatch
4abff4d693d0707e6b7bc0a7ce532a128a12e870ac840cafa6023e278c875a6e,"DO 76203969011218. Declaracion(1-1). SAP 4503982719, VINVIMA-20-0070251 DEL: 2020-07-07, C",do declaracion sap vinvima del c,71220,80610.0,-11.3692045211792,0.72444975,,"[""080610"", ""071440"", ""071410"", ""080111"", ""080112""]",True,True,hs_code_mismatch
cd9a52a21cc6b38009aab5e2c2f75fe0bc42bc554bd38db338f5df015d6f27e4,DO 620210019 PEDIDO TRAMITE: COMPRA 13-2021 DECLARACION(18-30) MERCANCIA NUEVA  NOS ACOGEMOS AL DECRETO NuMERO 730 DE,do pedido tramite compra declaracion mercancia nueva nos acogemos al decreto numero,71220,80262.0,-11.421340942382812,0.7531501,,"[""080262"", ""080261"", ""080251"", ""080291"", ""080111""]",True,True,hs_code_mismatch
fb6fd22b1779ae36a109d3be60254f7d19aa1afa352565353c5f94640ffd2834,"DO 48220210116 ,Pedido IMP-1844 ,Formato 2 de 14 FACTURA(S)...22200019 08022022 IMPORTADOR CON CALIFICACION U.A.P CO",do pedido imp formato s importador calificacion u a p co,71220,100840.0,-11.477689743041992,0.76769525,,"[""100840"", ""120300"", ""080252"", ""080251"", ""080261""]",True,True,hs_code_mismatch
160495226eeebc05d00f7b4e6db086c7fae77d38519fd4375c4a782e85c5f15f,DO 02200200592. Pedido Tramite: 51118441. Declaracion(1-1). NOS ACOGEMOS AL DECRETO 730 DE,do pedido tramite declaracion nos acogemos al decreto,71220,71440.0,-11.403974533081056,0.66324234,,"[""071440"", ""080252"", ""080440"", ""080111"", ""080291""]",True,True,hs_code_mismatch
117c410cbb3a942f3367c8e7c6bbcba230adf201f50238fb11ff9e6e502d95d8,"DO,00038139 Pedido 625424 D,I, 30219280 CÃ³digo, No,B00237   FACTURA No, 400575 DE FECHA  18-OCT-2023  , Referencia  000",do pedido d i cã digo no b no fecha oct referencia,71220,71440.0,-11.319869995117188,0.726945,,"[""071440"", ""071350"", ""100840"", ""071410"", ""100850""]",True,True,hs_code_mismatch
32057fa379d8f297be2b1b5f5c488466446b5bbae3f835e1ab55c96763933b03,"CEBOLLA EN POLVO, BADIA, 6/18 OZ, REG. SANITARIO.M5300311E-NAPYMIF. INICIO 31/05/2021, F. VENCIMIENTO 31/05/2026, PARA CONSUMO HUMANO, FRASCOS CONTENIENDO 6/18 OZ  CADA UNO, CEBOLLA EN POLVO BADIA, REGISTRO SANITARIO N° 09451-2021",cebolla polvo badia oz reg sanitario m e napymif inicio f vencimiento,71220,100840.0,-11.413564682006836,0.70409656,,"[""100840"", ""071440"", ""120510"", ""120600"", ""080121""]",True,True,hs_code_mismatch
7af92fb92fe17937c1740c23973d68e7d22c68163b477b8b92c181d52b6e4fea,DO 2020480231 PEDIDO TRAMITE: I3389 DECLARACION(17-33) FACTURA: 20600301 FECHA: 2020-04-29,do pedido tramite i declaracion fecha,71220,120923.0,-11.342971801757812,0.7286466,,"[""120923"", ""071440"", ""080252"", ""100840"", ""071410""]",True,True,hs_code_mismatch
32030bdbe8a05eb8b8edd5c4668f3f9a8b235f4ddc081b675d234cd2492c57fc,"DO 0237925 ,Pedido MCOL1561 DESCARGUE DIRECTO ,Formato 1 de 3 Factura(s)...9010268128. 22/07/2025HORTALIZAS SECAS, INC",do pedido mcol descargue directo formato s hortalizas secas inc,71220,80261.0,-11.434751510620115,0.7204858,,"[""080261"", ""080262"", ""080251"", ""080111"", ""080121""]",True,True,hs_code_mismatch
eec0b82941d5cc687d88ef67bd036eadf31221af736875cf3fc52f8c5e85b931,"DO 2021070911 DECLARACION(1-1) NOS ACOGEMOS A LA LEY 49 DE MAYO1981 ARTICULO VIII DEL GATT. PARRAFO 2, PARRAFO 3 PRINCI",do declaracion nos acogemos a ley mayo articulo viii del gatt parrafo,71220,80840.0,-11.455440521240234,0.7840696,,"[""080840"", ""100840"", ""080940"", ""090831"", ""071430""]",True,True,hs_code_mismatch
2c4b5e91a405cbbe637c136479e75e9640a9774e1b303081125501f8aa413fd9,"DO 902211251-001 DECLARACION(4-6) ARANCEL 15% DE ACUERDO CON DECRETO NuMERO 1881 DE 2021, MINISTERIO DE COMERCIO, INDUST",do declaracion arancel acuerdo decreto numero ministerio comercio indust,71220,90111.0,-11.449177742004396,0.73908544,,"[""090111"", ""080251"", ""120300"", ""100821"", ""080121""]",True,True,hs_code_mismatch
431b840cb233b2ff577645e319532211217ec538b4eef10c2c2a272ea9c125a9,"CEBOLLA DESHIDRATADA, 16 CAJAS, IT.1.-",cebolla deshidratada cajas it,71220,80111.0,-11.05654239654541,0.65915537,,"[""080111"", ""071450"", ""121292"", ""071410"", ""121293""]",True,True,hs_code_mismatch
d9934b18fe62969e356a969db8e5b2305176913e259ce6456a835c21bfe8e6d9,"DO BUN-25019 BUN-133-25 PEDIDO SP DECLARACION 4 DE 7 FACTURA: NTQFX250122009, FECHA: 19-02-2025, NOS ACOGEMOS A DECRETO",do bun bun pedido sp declaracion ntqfx fecha nos acogemos a decreto,71220,90111.0,-11.289453506469728,0.6374736,,"[""090111"", ""080252"", ""080251"", ""071022"", ""080121""]",True,True,hs_code_mismatch
80ecf1b769b96a42748b792b6e97ce64d2f322bd5206748be3e5d33cd5084dc9,DO 01231617. Operador economico: OE0266. Declaracion(1-3). MERCANCIA NUEVA. PEDIDO: 51651424. ADJUNTAMOS REGISTRO DE IMP,do operador economico oe declaracion mercancia nueva pedido adjuntamos registro imp,71220,80251.0,-11.505891799926758,0.7839297,,"[""080251"", ""080261"", ""081210"", ""081290"", ""080121""]",True,True,hs_code_mismatch
0029e83eb69963d2dcf963d1cb4336b07f48fa18aad0f0dc2cbe58e805f163ba,DO BOGMAE260333. Usuario Aduanero con tramite Simplificado: B00212. Pedido Tramite: 4500958754. Declaracion(1-1). NOS AC,do bogmae usuario aduanero tramite simplificado b pedido tramite declaracion nos ac,71220,71440.0,-11.42973804473877,0.73649853,,"[""071440"", ""080940"", ""071334"", ""080111"", ""121292""]",True,True,hs_code_mismatch
814bed442c9fbcc7810325821d315621e863858a09a27e19244d9ab4f27f5db3,ЛУК СУШЕНЫЙ,лук сушеный,71220,110710.0,-3.551278829574585,0.71560097,,"[""110710"", ""100860"", ""091012"", ""081120"", ""100810""]",True,True,hs_code_mismatch
3e6d7f760c828f4031e02bcee22b36bde28fca213cadf07b2c673123394437c1,DO MDEMTE164972. Usuario Aduanero con tramite Simplificado: B00103. Pedido Tramite: 008/2021(19). Declaracion(1-1). PIRM,do mdemte usuario aduanero tramite simplificado b pedido tramite declaracion pirm,71220,80252.0,-11.285772323608398,0.76660335,,"[""080252"", ""080251"", ""071440"", ""071334"", ""121292""]",True,True,hs_code_mismatch
1ca0707f188f80c1d31ecf84d483369b161c1d665445140d41f0c2d2eb8db81a,DO 2108551 CODIGO USUARIO APTO: B00163; PEDIDO TRAMITE: 4565268376 4565159363 DECLARACION(2-6) IMPORTACION CON TRATAMIEN,do codigo usuario apto b pedido tramite declaracion importacion tratamien,71220,71440.0,-11.442355155944824,0.7377824,,"[""071440"", ""071159"", ""100840"", ""071334"", ""080940""]",True,True,hs_code_mismatch
5a98d491b5aa6c9eb0501d8ed876844ebd4467918262892c843d8fdb13d976e6,DO 052022040522 PEDIDO TRAMITE: 124761 DECLARACION(5-14) FACTURA: 899702 FECHA: 2021-12-22 CANT (30) CAJAS ITEM NUMBER:,do pedido tramite declaracion fecha cant cajas number,71220,120923.0,-11.39904499053955,0.7762295,,"[""120923"", ""100840"", ""090111"", ""100821"", ""110813""]",True,True,hs_code_mismatch
afc9b5a46b405e1d7b9fbbcc7c880a9efa4fb308d8e65c1538abd7762f64b9e3,"DO,00004991 Pedido 611882 D,I, 28563493 Codido, No,B00237   FACTURA No, 377555 DE FECHA  03-FEB-2023  , Referencia  0005",do pedido d i codido no b no fecha feb referencia,71220,120190.0,-11.469407081604004,0.7089391,,"[""120190"", ""100840"", ""071350"", ""071410"", ""090831""]",True,True,hs_code_mismatch
5861d5bc89163f555beb1ecc34de1457271eadbbf13af51915eed582c04fd003,"Do: 13MDEMD0320362, Nro Pedido / Orden Compra:DTA /CEBOLLA /12383 PARCIAL 2, Declaración:",do mdemd nro pedido orden compra dta cebolla parcial declaración,71220,90421.0,-11.442971229553224,0.74809337,,"[""090421"", ""120510"", ""071440"", ""120300"", ""080111""]",True,True,hs_code_mismatch
50a88a758b5de91d682d359cc00679a7b7b58a1b8d56f04e71aa818c92977aaa,DO 2408444 CODIGO / RESOLUCION USUARIO TRAMITE SIMPLIFICADO (UTS): B00103 PEDIDO TRAMITE: 005/2024 (5) DECLARACION(1-6),do codigo resolucion usuario tramite simplificado uts b pedido tramite declaracion,71220,100840.0,-11.385129928588867,0.78601706,,"[""100840"", ""071440"", ""071334"", ""121292"", ""071159""]",True,True,hs_code_mismatch
065d8e7fbdac40310c67a9b8d9fc43f64688a9f03376ad220d4d9c9482b6f4b7,"DO,00006586 Pedido IMP2020041 D,I, 22914937 Códido, UAP No, 753   FACTURA No, 789468 DE FE",do pedido imp d i códido uap no no fe,71220,110813.0,-11.472599029541016,0.7221054,,"[""110813"", ""100840"", ""080252"", ""080440"", ""110520""]",True,True,hs_code_mismatch
d963f1ecf987be6f8b2c9ba34eb542ee08377461892784dafb25fd01a17c6ec6,"DO:BUNI-401-25, PEDIDO ALT-10404, DECLARACION 2 DE 6, REGISTRO DE IMPORTACION MODIFICADO NO:REG-50114503-20250626N.M01 D",do buni pedido alt declaracion registro importacion modificado no reg n m,71220,80262.0,-11.50743293762207,0.7613448,,"[""080262"", ""080261"", ""080121"", ""090520"", ""080122""]",True,True,hs_code_mismatch
c28963bf07bd6c8dd103b54e4dee0ac3e8990a0c47249287d00499f7a954158a,DO 2137864 CODIGO / RESOLUCION OEA IMPORTADOR: 5654 25/08/2020 PEDIDO TRAMITE: IMT-109890 DECLARACION(13-28) VISTO BUEN,do codigo resolucion oea importador pedido tramite imt declaracion visto buen,71220,100840.0,-11.451281547546388,0.7612387,,"[""100840"", ""071440"", ""081290"", ""071151"", ""071159""]",True,True,hs_code_mismatch
ebeea2b58495b06dd61a97fefb7e9b7c8e43faf2f8b186faefbdbaa1f8496e4b,"DO:BUNI-191-24, PEDIDO ALT-9438, DECLARACION 3 DE 4, REGISTRO DE IMPORTACION NO: REG-50053971-20240402N DEL 02/04/2024,",do buni pedido alt declaracion registro importacion no reg n del,71220,80251.0,-11.504874229431152,0.7711245,,"[""080251"", ""080261"", ""090520"", ""080121"", ""090510""]",True,True,hs_code_mismatch
c7216ab3fc8c51e3c140aa7f37bb7d4fa62633c749cc4d355f02bf92661ae5b9,"DO 4821109474 ,Pedido IMP-1762 ,Formato 4 de 10 FACTURA(S)...22100161 07102021IMPORTADOR CON CALIFICACION U.A.P CODI",do pedido imp formato s importador calificacion u a p codi,71220,80840.0,-11.447553634643556,0.75951,,"[""080840"", ""100840"", ""080252"", ""080262"", ""080261""]",True,True,hs_code_mismatch
a85c97aaf29346a3b8722086a83018700a11be88b8aca983764ac4db2987ebf9,"DO:BUNI-173-24, PEDIDO ALT 9555, DECLARACION 2 DE 4, REGISTRO DE IMPORTACION NO: REG-50057279-20240408N DEL 2024-04-08,",do buni pedido alt declaracion registro importacion no reg n del,71220,80251.0,-11.504874229431152,0.7711245,,"[""080251"", ""080261"", ""090520"", ""080121"", ""090510""]",True,True,hs_code_mismatch
ebd10c0ad7d8c46160467ab5959ffe4f76a5abc2213d79f39f6fa5dad17d662a,"CEBOLLA ROJA EN POLVO, S/M, S/M, T33040003, 10 KG X 2 X1 CTN // LOTE:4500129052-038B0123, MF DT:14-04-2023, EXP:14-10-2024, USO: ENSAZONADORES EN POLVO, RED ONION POWDER AIR DRIED, DESHIDRATADO (SECADO) INDUSTRIAL CON AIRE CALIENTE DENTRO DEL HORNO",cebolla roja polvo s m s m t x x ctn lote,71220,100829.0,-11.477188110351562,0.720632,,"[""100829"", ""100840"", ""100860"", ""071350"", ""100821""]",True,True,hs_code_mismatch
845e3a764ad07e37932effccec0c32905dfb37c6de85b9c20372a618ac250912,DO 052021048106 PEDIDO TRAMITE: 124016 DECLARACION(3-14) FACTURA: 888837 FECHA: 2021-10-18 CANT (1560) CAJAS ITEM NUMBER,do pedido tramite declaracion fecha cant cajas number,71220,120923.0,-11.39904499053955,0.7762295,,"[""120923"", ""100840"", ""090111"", ""100821"", ""110813""]",True,True,hs_code_mismatch
9aebf6692cb6d5eaab8bafe6f43ab6531168acd68d5ddb8ddad55a1ac357c52d,"CEBOLLA ESCAMAS GRANDE IRRADIADA, VER-DES, S/M, 1 BOLSA DE PAPEL KRAFT CON POLIETILENO INTERIOR POR 14 KG. NETO, LOTE: 4088083-14,ENVASADO: MARZO 2021,VENCIMIENTO:MARZO 2023, CEBOLLA ESCAMAS GRANDE IRRADIADA, MUESTRAS SIN VALOR COMERCIAL, INSUMOS QUE SERAN UTILIZADOS EN LA FABRICACION DE PRODUCTOS QUE PERTENECEN A LA INDUSTRIA",cebolla escamas grande irradiada ver des s m bolsa papel kraft polietileno,71220,80252.0,-11.372075080871582,0.65872276,,"[""080252"", ""071440"", ""100860"", ""080241"", ""121293""]",True,True,hs_code_mismatch
4545cc6136ed8670f7590e96b83b177fdcaea48c3ebe374ace61e1463035de1e,DO MYK220940 PEDIDO TRAMITE: 2022-05649 DECLARACION(3-5) MERCANCIA NUEVA  VISTO BUENO INVIMA NO: VINVIMA-22-0074094 FE,do myk pedido tramite declaracion mercancia nueva visto bueno invima no vinvima,71220,71440.0,-11.428253173828123,0.7490257,,"[""071440"", ""100840"", ""080111"", ""071350"", ""071410""]",True,True,hs_code_mismatch
d6a26b3ab9a8d1433623f6df3a0262ebc7e6563507ed4c0a4253402409976cb5,"DO MDEMMA133338. Pedido Tramite: BADIA 845597. Declaracion(27-32). MERCANCÍA NUEVA, CODIGO OEA: OE0107 Producto: ESPECIA",do mdemma pedido tramite badia declaracion mercancía nueva codigo oea oe producto,71220,71440.0,-11.41322898864746,0.64515835,,"[""071440"", ""080262"", ""120300"", ""080261"", ""080121""]",True,True,hs_code_mismatch
3649d2d26df448f9cacd71021c26362795bf9bb98a64a73b62c4a6eea4ac342b,"DO 76203949009025. Declaracion(1-1). SAP 4503893021, VINVIMA-20-0070251 DEL: 2020-07-07, C",do declaracion sap vinvima del c,71220,80610.0,-11.3692045211792,0.72444975,,"[""080610"", ""071440"", ""071410"", ""080111"", ""080112""]",True,True,hs_code_mismatch
919002c91b567689e1d3f65eb1a5753ca3ad8e5345a364cdbc34559bb6fd9c62,"DO 02210401224. Declaracion(3-7). PED. # 51325385, ADJUNTAMOS REGISTRO DE IMPORTACION # REG-50067101-20210514N DE FECHA",do declaracion ped adjuntamos registro importacion reg n fecha,71220,100840.0,-11.471248626708984,0.70727396,,"[""100840"", ""080810"", ""081310"", ""080410"", ""090520""]",True,True,hs_code_mismatch
50860392b3af9c846732514ae3443abd646fa3a32c1fe9cdd703ea8a70253c74,"ОВОЧІ СУШЕНІ, ЦІЛІ, НАРІЗАНІ ШМАТКАМИ, СКИБКАМИ, ПОДРІБНЕНІ ЧИ У ВИГЛЯДІ ПОРОШКУ, АЛЕ БЕЗ БУДЬ-ЯКОЇ ПОДАЛЬШОЇ ОБРОБКИ: - ЦИБУЛЯ РІПЧАСТА,DRIED VEGETABLES ,  WHOLE ,  CUT ,  SLICED ,  BROKEN OR IN POWDER ,  BUT NOT FURTHER PREPARED: - ONIONS",овочі сушені цілі нарізані шматками скибками подрібнені чи у вигляді порошку але,71220,71290.0,-4.000067710876465,0.7388478,,"[""071290"", ""081340"", ""071233"", ""081210"", ""071232""]",True,True,hs_code_mismatch
a366bd9789adec0a5ae262b476d219713fba37515d9f27a8aef264f1a235b509,"CEBOLLA DESHIDRATADA EN POLVO, S/M, S/M, LOTE: 240909-0848 // F. FAB: 09/2024 - F. VCTO: 09/2026, EN 394 CARTONES, ONION DEHYDRATED POWDER - INSUMO PARA LA FABRICACIÓN DE SAZONADOR, INSUMO",cebolla deshidratada polvo s m s m lote f fab f vcto,71220,71350.0,-11.25442600250244,0.72692376,,"[""071350"", ""100840"", ""120510"", ""121292"", ""110610""]",True,True,hs_code_mismatch
61735a024213bbdfa54d210344a62c88e40c5d296e04aff865887b0348ff8d3e,DO 01230666. Operador economico: OE0266. Declaracion(3-7). MERCANCIA NUEVA. VISTO BUENO INSTITUTO NACIONAL DE VIGILANCIA,do operador economico oe declaracion mercancia nueva visto bueno instituto nacional vigilancia,71220,81210.0,-11.415746688842772,0.79814595,,"[""081210"", ""071339"", ""081290"", ""071334"", ""080121""]",True,True,hs_code_mismatch
022fe3a67614351a2eb56fbab6887491323765be9ba4b7a224a80b8b59d24a02,"DO 2100445. Pedido Tramite: PILARICA 3386-21. Declaracion(6-11). (CHPC) NOS ACOGEMOS A LA LEY 1669 DE 16/07/2013, AL DEC",do pedido tramite pilarica declaracion chpc nos acogemos a ley al dec,71220,80252.0,-11.239374160766602,0.72722256,,"[""080252"", ""080251"", ""071440"", ""080291"", ""080261""]",True,True,hs_code_mismatch
b16544c628c88dc8afb17bc73e5653b2806b292b782a5bd2894e0aa272129e9a,"DO 222217792 PEDIDO 21876 DECLARACION 3 DE 7 FACTURA(S)  FECHA(S):21876 DE 310320223 CAJA , PRODUCTO:ESPECIAS VAR",do pedido declaracion s fecha s caja producto especias var,71220,120190.0,-10.98309326171875,0.6431695,,"[""120190"", ""120300"", ""081290"", ""120810"", ""080121""]",True,True,hs_code_mismatch
2e288e348bfed6c471b9b71e8d0e03d18d277da495b3e3f4d14df930aa990a29,"CEBOLLA ROJA EN POLVO, S/M, S/M, LOTE: 24A001OPR , DATE OF MFG.: 01.01.2024 , DATE OF EXP.: 31.12.2024, USO: EN SAZONADORES EN POLVO, ONION POWDER RED, DESHIDRATADO (SECADO) INDUSTRIAL CON AIRE CALIENTE DENTRO DEL HORNO,A 60 DIAS DESDE LA FEC",cebolla roja polvo s m s m lote a opr date mfg,71220,80410.0,-11.405296325683594,0.65634716,,"[""080410"", ""100310"", ""120600"", ""100821"", ""100410""]",True,True,hs_code_mismatch
c759cea767e5f3beb1d6ef438f5c0fa3c596cb36bea6cf300a13e5842e183aa7,"CEBOLLA VERDE EN POLVO, S/M, S/M, T33050012, 20KG X 2 X 1 CTN/LOTE:4500143045-003A0124, MF DT:19/06/2024, EXP:19/12/2025, USO: ENSAZONADORES EN POLVO, GREEN ONION POWDER FD, DESHIDRATADO (SECADO) INDUSTRIAL CON AIRE CALIENTE DENTRO DEL HORNO",cebolla verde polvo s m s m t x x ctn lote,71220,100840.0,-11.46337890625,0.648656,,"[""100840"", ""080840"", ""100860"", ""071440"", ""090831""]",True,True,hs_code_mismatch
5a0400329cb316ac8e002822865fc9df3fcbd24c09005e96716fb85dac1f17c2,DO MDEMTE162173. Usuario Aduanero con tramite Simplificado: B00103. Pedido Tramite: 0082021 (15) . Declaracion(1-1). UL,do mdemte usuario aduanero tramite simplificado b pedido tramite declaracion ul,71220,71440.0,-11.463579177856444,0.7806307,,"[""071440"", ""071334"", ""081320"", ""080111"", ""121292""]",True,True,hs_code_mismatch
413773a8bbf62ba83292e127cc82d01a6e7d49edd5cac4ee6bb7c3510cb3ac04,"Do: 13BOGCT05220089, Nro Pedido  Orden Compra:IMP2022048 OC 880002108871, Declaracion: 315 MERCANCIA NUEVA Y DE PRI",do bogct nro pedido orden compra imp oc declaracion mercancia nueva pri,71220,120300.0,-11.482656478881836,0.7084671,,"[""120300"", ""080280"", ""080111"", ""080112"", ""080121""]",True,True,hs_code_mismatch
f3af2f85daf4a3c21a7dbafb9a8df7e6814d5dcc1298caa4602aaf6145078754,CODIGO UTS B00163 DO 245412782 ORDEN COMPRA:4574700666 DECLARACION 1 DE 1 FACTURA(S) / FECHA(S): 005703 DE 28/05/2024 /,codigo uts b do orden compra declaracion s fecha s,71220,120923.0,-11.397451400756836,0.6906568,,"[""120923"", ""100840"", ""080810"", ""120810"", ""080280""]",True,True,hs_code_mismatch
acacbeba37bba02e0ebf01fd0f1e305da4ad151775089e5f7f369d1b5719f498,"Do: 13MDEMD0320465, Nro Pedido / Orden Compra:DTA /CEBOLLA /12366 SEGUNDO PARCIAL, Declara",do mdemd nro pedido orden compra dta cebolla segundo parcial declara,71220,120300.0,-11.422754287719728,0.73794985,,"[""120300"", ""071440"", ""071331"", ""080111"", ""071410""]",True,True,hs_code_mismatch
95ce9a9703e1aa4d237a6a1b4fbbb33dbcd41cd376cdabc9026b826cad22e709,DO 220100223820-001 PEDIDO TRAMITE: OC 1509 + 1510+1511 DECLARACION(1-3) REGISTRO DE IMPOR,do pedido tramite oc declaracion registro impor,71220,100840.0,-11.431280136108398,0.80453056,,"[""100840"", ""071440"", ""080440"", ""080111"", ""080280""]",True,True,hs_code_mismatch
48bbe0a95cf5255089647d407f17d81466fb68f005dc99b0ecb322a8e99439ff,CODIGO OPERADOR ECONOMICO AUTORIZADO OEA N° 060131 CON RESOLUCIÓN DIAN N° 5654 DEL 25/08/2020. DO CTG2023I07218 PEDIDO 1,codigo operador economico autorizado oea n resolución dian n del do ctg,71220,100840.0,-11.47018051147461,0.80962366,,"[""100840"", ""080252"", ""110220"", ""080121"", ""110423""]",True,True,hs_code_mismatch
adfdfc78a3a9dfa6459f534f915f26e44be05a25ef37db918945f09f29cc2e88,"CEBOLLA EN POLVO, S/M, S/M, LOTE: 210319-0822, 301 CARTONS/ 7525KGS, FECHA PRODUCCION: 2021/03/25, ONION POWDER, FECHA EXPIRACION: 2023/03/24",cebolla polvo s m s m lote fecha produccion onion powder fecha,71220,120923.0,-11.06723690032959,0.5559395,,"[""120923"", ""110813"", ""071332"", ""071339"", ""100840""]",True,True,hs_code_mismatch
bdd82ece7bc9d4b6ffe9aeedd0778a1cf94333d0c7a21b53e724862b291cb0fe,DO 2150744 CODIGO / RESOLUCION OEA IMPORTADOR: 5654 25/08/2020 PEDIDO TRAMITE: IMT-110122 DECLARACION(10-28) VISTO BUEN,do codigo resolucion oea importador pedido tramite imt declaracion visto buen,71220,100840.0,-11.451281547546388,0.7612387,,"[""100840"", ""071440"", ""081290"", ""071151"", ""071159""]",True,True,hs_code_mismatch
fb9492675c3f2fb2dbf641d153b97e53bdcc8e0aff656b7214afe276083d76b7,"DO:BUNI-365-25, PEDIDO ALT-10375, DECLARACION 7 DE 7, REGISTRO DE IMPORTACION NO: REG-50119231-20250704N DEL 2025-07-04",do buni pedido alt declaracion registro importacion no reg n del,71220,80251.0,-11.504874229431152,0.7711245,,"[""080251"", ""080261"", ""090520"", ""080121"", ""090510""]",True,True,hs_code_mismatch
0db6c431192df5e4d5471c2affc4d7050f70f4cb5518cf369562823d503feec3,"ОВОЧІ СУШЕНІ, ЦІЛІ, НАРІЗАНІ ШМАТКАМИ, СКИБКАМИ, ПОДРІБНЕНІ ЧИ У ВИГЛЯДІ ПОРОШКУ, АЛЕ БЕЗ БУДЬ-ЯКОЇ ПОДАЛЬШОЇ ОБРОБКИ: - ЦИБУЛЯ РІПЧАСТА,DRIED VEGETABLES ,  WHOLE ,  CUT ,  SLICED ,  BROKEN OR IN POWDER ,  BUT NOT FURTHER PREPARED: - ONIONS",овочі сушені цілі нарізані шматками скибками подрібнені чи у вигляді порошку але,71220,71290.0,-4.000067710876465,0.7388478,,"[""071290"", ""081340"", ""071233"", ""081210"", ""071232""]",True,True,hs_code_mismatch
661e08bbd8a219530169aca1c8a191a6a24b461cb5567a82c5d12a63194a8ef2,"DO,00026397 Pedido 5068538 (I) (C) D,I, 34069446 Codigo, OEA No, OE0386   FACTURA No, 90096586 DE FECHA  16-MAY-2025  ,",do pedido i c d i codigo oea no oe no fecha,71220,110813.0,-11.299686431884766,0.7006805,,"[""110813"", ""080252"", ""080440"", ""100840"", ""090831""]",True,True,hs_code_mismatch
5315d97759524c96b9363324ffb43bb7085248bc35e4cfdcac465dd440d69c2f,"DO 21041189 ,Pedido 26182 EMB 4799 ,Formato 1 de 7 FACTURA(S)...M106 12/02/2021PARCIAL #4 17.28 KG / 216 UNDS /REF= 9",do pedido emb formato s m parcial unds,71220,80810.0,-11.49613094329834,0.7676819,,"[""080810"", ""071331"", ""100410"", ""081310"", ""071334""]",True,True,hs_code_mismatch
18fb1028c0e168392d2e9397c7fbd4a4de07ffd86a5eafce41cd25d317735696,"CEBOLLA PICADA DESHIDRATADA BADIA 12/5.5 OZ, REG. SANITARIO. M5300722E-NAPYMI, F. INICIO  20/12/2022, F. VENCIMIENTO 20/12/2027, PARA CONSUMO HUMANO, PAQUETES CONTENIENDO 12/5.5 OZ CADA UNO, CEBOLLA PICADA DESHIDRATADA BADIA, CERTIFICADO DIGESA N° 22969-2022",cebolla picada deshidratada badia oz reg sanitario m e napymi f inicio,71220,80111.0,-11.341252326965332,0.75794953,,"[""080111"", ""100840"", ""120510"", ""071440"", ""080940""]",True,True,hs_code_mismatch
a7a5cba8722488ef5d2fdb06647cc5ba3ce942b1084fb38c0dc90ae374455a15,"ОВОЧІ СУШЕНІ, ЦІЛІ, НАРІЗАНІ ШМАТКАМИ, СКИБКАМИ, ПОДРІБНЕНІ ЧИ У ВИГЛЯДІ ПОРОШКУ, АЛЕ БЕЗ БУДЬ-ЯКОЇ ПОДАЛЬШОЇ ОБРОБКИ: - ЦИБУЛЯ РІПЧАСТА,DRIED VEGETABLES ,  WHOLE ,  CUT ,  SLICED ,  BROKEN OR IN POWDER ,  BUT NOT FURTHER PREPARED: - ONIONS",овочі сушені цілі нарізані шматками скибками подрібнені чи у вигляді порошку але,71220,71290.0,-4.000067710876465,0.7388478,,"[""071290"", ""081340"", ""071233"", ""081210"", ""071232""]",True,True,hs_code_mismatch
584f0904b5999db9b5fcc1753c7696846f7613b9e28aed2489d075c19d7fb81a,"DO,00029851 Pedido (I) (C) A3442839 - A3448095 - A3448096 - A3448097 -A3448098 D,I, 25438327 Códido, UAP No, 0334   FACT",do pedido i c a a a a a d i códido,71220,80440.0,-11.431894302368164,0.74851024,,"[""080440"", ""080840"", ""100840"", ""071159"", ""090831""]",True,True,hs_code_mismatch
198b11c56661ec527c7787c54a96132e80fdb946f335847108b9eea4891aefd6,DO 02230419. Operador economico: OE0266. Declaracion(1-11). PEDIDO: 51614119. EXENTO DE IVA SEGUN EL ARTICULO 424 DE EST,do operador economico oe declaracion pedido exento iva segun articulo est,71220,100840.0,-11.469205856323242,0.78508496,,"[""100840"", ""080252"", ""080251"", ""080122"", ""080121""]",True,True,hs_code_mismatch
f917d74da8bfbb2e7ca368515b5420f8aed0d3fe700f0397372b3bee71b51496,CEBOLLA BLANCA EN POLVO,cebolla blanca polvo,71220,71440.0,-11.34142780303955,0.7215797,,"[""071440"", ""071450"", ""071410"", ""100840"", ""080280""]",True,True,hs_code_mismatch
a6b8786fc54dde0874e2b61ec86ceaa3e1e7c8bd6243916297284f51a4019510,CEBOLLA DESHIDRATADA EN TROZOS,cebolla deshidratada trozos,71220,71233.0,-10.60911750793457,0.6219435,,"[""071233"", ""080111"", ""071440"", ""071430"", ""081310""]",True,True,hs_code_mismatch
3013ece4d52d33fd6f5995dc100ba795507d61e2f3288f7f5909f559076591ed,CEBOLLA EN POLVO,cebolla polvo,71220,80270.0,-11.270511627197266,0.7302345,,"[""080270"", ""071440"", ""070410"", ""071410"", ""100840""]",True,True,hs_code_mismatch
1b5d4fa4304238a0efcf2a42018dcd83de3fa569731e21e0278f26e3aef6e476,CEBOLLA BLANCA POLVO,cebolla blanca polvo,71220,71440.0,-11.34142780303955,0.7215797,,"[""071440"", ""071450"", ""071410"", ""100840"", ""080280""]",True,True,hs_code_mismatch
445002802e17a0176abb3f2bbf2496b0862cac3a9b394cd1e1ce4c22401a6176,CEBOLLA BLANCA EN POLVO,cebolla blanca polvo,71220,71440.0,-11.34142780303955,0.7215797,,"[""071440"", ""071450"", ""071410"", ""100840"", ""080280""]",True,True,hs_code_mismatch
d2c6e65ee06e567c619fc8b66f62a1a6efa80ccd96c82bfbcc9cf4cd0164c3a6,CEBOLLA BLANCA EN POLVO,cebolla blanca polvo,71220,71440.0,-11.34142780303955,0.7215797,,"[""071440"", ""071450"", ""071410"", ""100840"", ""080280""]",True,True,hs_code_mismatch
94159e99de491280faebe59aeff4e52c3305950996d4410c82faa8fb89c5675d,CEBOLLA PULVERIZADA,cebolla pulverizada,71220,70410.0,-11.321868896484377,0.6298429,,"[""070410"", ""071410"", ""121293"", ""080940"", ""080810""]",True,True,hs_code_mismatch
833d869991c88082094bfc330437eb126b0a4254589eabb56abacb7dc90e60cf,CEBOLLA EN POLVO,cebolla polvo,71220,80270.0,-11.270511627197266,0.7302345,,"[""080270"", ""071440"", ""070410"", ""071410"", ""100840""]",True,True,hs_code_mismatch
af5253a4839f8938beb8432c1dd367485f00b2c8b7bfb2a3a8ea74a1a1fb0b4f,CEBOLLAS.,cebollas,71220,70940.0,-8.294938087463379,0.7360029,,"[""070940"", ""070410"", ""071233"", ""071440"", ""071450""]",True,True,hs_code_mismatch
431fbe6965b5fd16a7f0c62c76cbfe6187d984f5b14df2237c17a5a7c012788c,RAJAS DE CEBOLLA DESHIDRATADA,rajas cebolla deshidratada,71220,80111.0,-11.007735252380373,0.6075025,,"[""080111"", ""080119"", ""070690"", ""081060"", ""120600""]",True,True,hs_code_mismatch
b2f2d007308fd353d7fc96edba148f298ba9874a5d8644d522d0a0319978df02,CEBOLLA BLANCA DESHIDRATADA PEQUEÑA EN CROQUETAS,cebolla blanca deshidratada pequeña croquetas,71220,71440.0,-11.305830001831056,0.7195716,,"[""071440"", ""080241"", ""071410"", ""081010"", ""080810""]",True,True,hs_code_mismatch
65befe4da3f57a50751d596d0e25adfbf511b6277999672f8a13989b203ae0f6,CEBOLLA EN POLVO,cebolla polvo,71220,80270.0,-11.270511627197266,0.7302345,,"[""080270"", ""071440"", ""070410"", ""071410"", ""100840""]",True,True,hs_code_mismatch
025fdd2ab7c4fdd81a2f67cba9aa1246da803187446597305949d3906d478392,CEBOLLA EN POLVO (MUESTRA),cebolla polvo muestra,71220,71440.0,-11.357622146606444,0.73678243,,"[""071440"", ""071410"", ""100840"", ""110620"", ""120600""]",True,True,hs_code_mismatch
a370a24900ce1ac8eb9d3532997b67c25ce12f34c5845e4c26a6469fc8487981,CEBOLLA PICADA DESHIDRATADA,cebolla picada deshidratada,71220,80111.0,-10.861279487609863,0.6928247,,"[""080111"", ""071440"", ""071410"", ""100840"", ""121221""]",True,True,hs_code_mismatch
f85ee5e6a529d72d72725d03e7b2a5199bd6d3b290cef2b5d8daa73038b64f02,CEBOLLA GRANULADA,cebolla granulada,71220,71440.0,-11.133171081542969,0.6494357,,"[""071440"", ""070410"", ""071410"", ""071331"", ""100119""]",True,True,hs_code_mismatch
e036b8a449497b8d03686da4328609f207d33d60c1b031c24070fc776b6dd6c8,CEBOLLA DESHIDRATADA EN POLVO,cebolla deshidratada polvo,71220,80111.0,-11.262086868286133,0.680629,,"[""080111"", ""071440"", ""070410"", ""071410"", ""100840""]",True,True,hs_code_mismatch
0ad1ce2956663e4d1ee31298431e9b5fa106f893a8fb53f89727a139ac4a4c1a,CEBOLLA PICADA EN TROZOS,cebolla picada trozos,71220,71233.0,-10.738226890563965,0.6781548,,"[""071233"", ""071440"", ""071410"", ""080840"", ""100840""]",True,True,hs_code_mismatch
aa996f2345492e229995f145ac149b201c4881506e7f36642d7219425188349f,CEBOLLA EN POLVO,cebolla polvo,71220,80270.0,-11.270511627197266,0.7302345,,"[""080270"", ""071440"", ""070410"", ""071410"", ""100840""]",True,True,hs_code_mismatch
d45ed6df88d85d8b7215833de890ac70ac58d1c511c6859edfeaa2059af1280d,RAJAS DE CEBOLLA DESHIDRATADA,rajas cebolla deshidratada,71220,80111.0,-11.007735252380373,0.6075025,,"[""080111"", ""080119"", ""070690"", ""081060"", ""120600""]",True,True,hs_code_mismatch
03893cbf36619e14c9d2fef64a1efffbfcaf19614ab04cad2f0f0c335ff9be91,CEBOLLA EN TROZOS,cebolla trozos,71220,71233.0,-9.92128562927246,0.62889385,,"[""071233"", ""071440"", ""070410"", ""071430"", ""100840""]",True,True,hs_code_mismatch
e9380aa4c5245d7cc87516b1d0595447cac3104910d08c17b20213bf4352a2a7,CEBOLLA EN POLVO,cebolla polvo,71220,80270.0,-11.270511627197266,0.7302345,,"[""080270"", ""071440"", ""070410"", ""071410"", ""100840""]",True,True,hs_code_mismatch
df36837500babbb5ee86be6af125e231d10fbedf670bc51130429fad99d43bcc,CEBOLLA EN POLVO,cebolla polvo,71220,80270.0,-11.270511627197266,0.7302345,,"[""080270"", ""071440"", ""070410"", ""071410"", ""100840""]",True,True,hs_code_mismatch
ca391270fea9a31e4a774e8c0c78e50d2db7228d53922a4ea50cd9dac2f3cf08,CEBOLLA BLANCA DESHIDRATADA PEQUEÑA,cebolla blanca deshidratada pequeña,71220,80111.0,-11.17848777770996,0.7177653,,"[""080111"", ""081090"", ""121130"", ""081010"", ""080810""]",True,True,hs_code_mismatch
380606b18e42e9d22a87edb23536895d17ea00bd0f6dc6065ca92f2ab4bfa548,CEBOLLA BLANCA DESHIDRATADA EN POLVO,cebolla blanca deshidratada polvo,71220,71440.0,-11.371477127075195,0.7324794,,"[""071440"", ""071450"", ""121293"", ""120190"", ""080810""]",True,True,hs_code_mismatch
2a1f50dada30290253d1f8b42ee2759f4094fa8cf96993986657dca55a1c2df4,CEBOLLA BLANCA DESHIDRATADA EN POLVO,cebolla blanca deshidratada polvo,71220,71440.0,-11.371477127075195,0.7324794,,"[""071440"", ""071450"", ""121293"", ""120190"", ""080810""]",True,True,hs_code_mismatch
d2542ec1ad178246fa493ed32e1e323366032926accb48d802eff318928bc233,CEBOLLA CORTADA EN TROZOS,cebolla cortada trozos,71220,71233.0,-10.625686645507812,0.6684277,,"[""071233"", ""071334"", ""071440"", ""071350"", ""080840""]",True,True,hs_code_mismatch
21b8cec97d7c69fa00593ee5fcea25a66e7258b9b861157eeb3c176cd12c6d60,CEBOLLA EN POLVO,cebolla polvo,71220,80270.0,-11.270511627197266,0.7302345,,"[""080270"", ""071440"", ""070410"", ""071410"", ""100840""]",True,True,hs_code_mismatch
0e2f15f8a8f3fe32ac8151d9e60b99b9c4cdc7eea666756ba00f39c27af86aea,DESPERDICIO DE  CEBOLLA DESHIDRATADA,desperdicio cebolla deshidratada,71220,80111.0,-10.696805953979492,0.611242,,"[""080111"", ""071233"", ""081060"", ""100840"", ""121293""]",True,True,hs_code_mismatch
d56777eabd0065ac414bb9247b202408f0c3bea17c08a779905a17a238ed27bb,CEBOLLA EN POLVO DESHIDRATADA,cebolla polvo deshidratada,71220,80111.0,-11.220474243164062,0.6669587,,"[""080111"", ""071440"", ""070410"", ""071410"", ""100840""]",True,True,hs_code_mismatch
2f931b1309ae1e9d164887e3808b13b948b6c10dac373ded2366d750e7d7bcef,CEBOLLA DESHIDRATADA EN POLVO,cebolla deshidratada polvo,71220,80111.0,-11.262086868286133,0.680629,,"[""080111"", ""071440"", ""070410"", ""071410"", ""100840""]",True,True,hs_code_mismatch
72fd237b6a5cd6b235ee1cc3f46ce7873a355512eae061a56d98fd533ce859c2,CEBOLLA (ONION SPECIAL IRRADIATED) (CEBOLLA EN POLVO),cebolla onion special irradiated cebolla polvo,71220,70310.0,-7.1934332847595215,0.52012616,,"[""070310"", ""071233"", ""070390"", ""070410"", ""090421""]",True,True,hs_code_mismatch
1e559e0393c4b8fed8a248e92ff531b77950a7a9bd02a8bb692f2afe1db881c4,CEBOLLA EN POLVO,cebolla polvo,71220,80270.0,-11.270511627197266,0.7302345,,"[""080270"", ""071440"", ""070410"", ""071410"", ""100840""]",True,True,hs_code_mismatch
3bf78f0542416af48f598bbc45816b465a68b288c271d5f56f4bb23164517eb1,CEBOLLA EN POLVO IRRADIADA,cebolla polvo irradiada,71220,71450.0,-11.260494232177734,0.6052203,,"[""071450"", ""071440"", ""100840"", ""100860"", ""120600""]",True,True,hs_code_mismatch
ef26dfac27b0979c810dfdf68de1a6e113a1fc724475a4ecf94255724979ad13,CEBOLLAS DESHIDRATAS EN POLVO,cebollas deshidratas polvo,71220,71233.0,-11.367998123168944,0.61801124,,"[""071233"", ""071440"", ""070410"", ""071450"", ""100840""]",True,True,hs_code_mismatch
dd556f77c8ccc5c3b6ac465f42c97aff64dcaee53398e9335b6b9ab77d1994a5,CEBOLLA EN POLVO,cebolla polvo,71220,80270.0,-11.270511627197266,0.7302345,,"[""080270"", ""071440"", ""070410"", ""071410"", ""100840""]",True,True,hs_code_mismatch
f75e8fe94d52396b84ce1d6b92f2cd90bb99079b7431c6dc31169f04c112f590,CEBOLLA EN POLVO,cebolla polvo,71220,80270.0,-11.270511627197266,0.7302345,,"[""080270"", ""071440"", ""070410"", ""071410"", ""100840""]",True,True,hs_code_mismatch
9adad2f4a5ef63d724a35a7568363ea7d509ac33c3cc973d0cead1ec3ccae9c5,CEBOLLA BLANCA DESHIDRATADA GRANULADA,cebolla blanca deshidratada granulada,71220,80111.0,-11.221454620361328,0.7003266,,"[""080111"", ""121293"", ""120729"", ""081010"", ""080810""]",True,True,hs_code_mismatch
03339af3f7982331841fe823b99c1c47ee37028a26b4ddcf37baa20cadd7d63f,CEBOLLA ORGANICA DESHIDRATADA,cebolla organica deshidratada,71220,80111.0,-10.858287811279297,0.5883179,,"[""080111"", ""070410"", ""080310"", ""121221"", ""120890""]",True,True,hs_code_mismatch
fe49b17ce5debf60874f467c1e2b01f6681aef78e927283ca3ddbea97c80aa24,CEBOLLA PICADA DESHIDRATADA,cebolla picada deshidratada,71220,80111.0,-10.861279487609863,0.6928247,,"[""080111"", ""071440"", ""071410"", ""100840"", ""121221""]",True,True,hs_code_mismatch
feead78829f4d31012d57c1227091e5af579295a8bebc9963ac1d40df546c045,CEBOLLA EN POLVO,cebolla polvo,71220,80270.0,-11.270511627197266,0.7302345,,"[""080270"", ""071440"", ""070410"", ""071410"", ""100840""]",True,True,hs_code_mismatch
331b9e1bb1e50c6dfc90f2a338bd860bea639aac4254284f2fa0bc11f873e597,CEBOLLAS DESHIDRATAS EN POLVO,cebollas deshidratas polvo,71220,71233.0,-11.367998123168944,0.61801124,,"[""071233"", ""071440"", ""070410"", ""071450"", ""100840""]",True,True,hs_code_mismatch
a7d4a9b073fff49b7c369a5c52a0a092f696328865202b8eb5de4f8a3f857bc5,CEBOLLA EN POLVO,cebolla polvo,71220,80270.0,-11.270511627197266,0.7302345,,"[""080270"", ""071440"", ""070410"", ""071410"", ""100840""]",True,True,hs_code_mismatch
fd2231aa230873ce89dbbd23e76a7282b4d6276f178b94a013e0c18d03aa8439,CEBOLLA EN POLVO,cebolla polvo,71220,80270.0,-11.270511627197266,0.7302345,,"[""080270"", ""071440"", ""070410"", ""071410"", ""100840""]",True,True,hs_code_mismatch
7fb11e4564cc8c95161738c2507e9c1620f83a36ade9b6eab3f3f989cf1153a4,CEBOLLA BLANCA DESHIDRATADA EN POLVO,cebolla blanca deshidratada polvo,71220,71440.0,-11.371477127075195,0.7324794,,"[""071440"", ""071450"", ""121293"", ""120190"", ""080810""]",True,True,hs_code_mismatch
1988537cc339d6d642b51852f6415935ef093d46b0285a4582bb8cf559651cbe,535 CEBOLLA GRANULADA,cebolla granulada,71220,71440.0,-11.133171081542969,0.6494357,,"[""071440"", ""070410"", ""071410"", ""071331"", ""100119""]",True,True,hs_code_mismatch
85adfa7fbf110d537efddd57bdd960f05aa49658c661f1a9b1ecd2a22c23465c,CEBOLLA EN POLVO LP2021011200081,cebolla polvo lp,71220,90422.0,-9.793395042419434,0.75117725,,"[""090422"", ""090611"", ""071440"", ""070410"", ""100860""]",True,True,hs_code_mismatch
71e254b2604ac09acb5dc8a117898f76453061e8174a27de3980264cc78db3da,CEBOLLAS EN POLVO,cebollas polvo,71220,71450.0,-11.328445434570312,0.73751116,,"[""071450"", ""071440"", ""070410"", ""100840"", ""080280""]",True,True,hs_code_mismatch
c1fcb3ea626fefa6052502720f7984d1214b19801d860a8150545baf2dd92fbf,CEBOLLA EN POLVO LP2024123100150,cebolla polvo lp,71220,90422.0,-9.793395042419434,0.75117725,,"[""090422"", ""090611"", ""071440"", ""070410"", ""100860""]",True,True,hs_code_mismatch
c440c9cc5f023039a2e1f74d52cf53eb86154b15d89faeb512e4971058516678,CEBOLLA EN POLVO LP2021011200081,cebolla polvo lp,71220,90422.0,-9.793395042419434,0.75117725,,"[""090422"", ""090611"", ""071440"", ""070410"", ""100860""]",True,True,hs_code_mismatch
7675f2130855a94a0d451c2dc0e28e7eea16aca0c82a14c4cadcbbe4289bbd34,CEBOLLA GRANULADA,cebolla granulada,71220,71440.0,-11.133171081542969,0.6494357,,"[""071440"", ""070410"", ""071410"", ""071331"", ""100119""]",True,True,hs_code_mismatch
fd90b0ea7d9ed6d03e73a2e6f15d98ac00e5269391b6188fe4e558bc49752a72,CEBOLLA EN POLVO,cebolla polvo,71220,80270.0,-11.270511627197266,0.7302345,,"[""080270"", ""071440"", ""070410"", ""071410"", ""100840""]",True,True,hs_code_mismatch
5cf7e2c8ea642a8c6ebd977b45d9e741ce97d348b3456a907024655a23268a6c,CEBOLLA GRANULADA,cebolla granulada,71220,71440.0,-11.133171081542969,0.6494357,,"[""071440"", ""070410"", ""071410"", ""071331"", ""100119""]",True,True,hs_code_mismatch
3256a9f524d92f3d7af91760884ef113b4ebb8ff5900261afef30703e6f86b7b,CEBOLLA BLANCA POLVO ELB AF CH CEBOLLA BLANCA EN POLVO WORLEE IRM00486 IRM00486,cebolla blanca polvo elb af ch cebolla blanca polvo worlee irm irm,71220,100840.0,-11.42760944366455,0.75912225,,"[""100840"", ""090831"", ""080810"", ""071430"", ""120190""]",True,True,hs_code_mismatch
1a655ba234cdaa791342fdd5dcca7cb45c6452886ab891521afdac0f4d59e6d3,CEBOLLA GRANULADA 1-3 MM AD CN,cebolla granulada mm ad cn,71220,71331.0,-11.43985652923584,0.6842121,,"[""071331"", ""100119"", ""100829"", ""110313"", ""110220""]",True,True,hs_code_mismatch
2abf354ea93a523df2dc11e03d757504870526d5dc0d4be1cd1ed74b38cfd5ca,MUESTRAS DE VEGETALES EN POLVO,muestras vegetales polvo,71220,71022.0,-11.377241134643556,0.7337548,,"[""071022"", ""080252"", ""100840"", ""080940"", ""100830""]",True,True,hs_code_mismatch
ff3874f92507e04c946dc7851c7d015025c30a5c59822e6a54c1dc138f68e97d,CEBOLLA EN TROZOS,cebolla trozos,71220,71233.0,-9.92128562927246,0.62889385,,"[""071233"", ""071440"", ""070410"", ""071430"", ""100840""]",True,True,hs_code_mismatch
69d48e7fae83defc3f778e9956f1233dc5a3057086473ebca6a1b61eec82103c,CEBOLLA PICADA,cebolla picada,71220,71410.0,-11.145401000976562,0.6723129,,"[""071410"", ""071440"", ""110814"", ""090831"", ""100840""]",True,True,hs_code_mismatch
a7d096422dd25a017aa81bf118787680a871a1c7a428fea6c8a7c6b6f87e2fd6,535 CEBOLLA GRANULADA,cebolla granulada,71220,71440.0,-11.133171081542969,0.6494357,,"[""071440"", ""070410"", ""071410"", ""071331"", ""100119""]",True,True,hs_code_mismatch
daded19ce55924b2caf2a772d1ab5284bd32fe8af235c92edf31c75f4d2368c9,CEBOLLAS PICADAS 5-8 MESH,cebollas picadas mesh,71220,71440.0,-11.31239891052246,0.75308937,,"[""071440"", ""071450"", ""071430"", ""100840"", ""120923""]",True,True,hs_code_mismatch
faaa03d5e5eb1397f9d861f6f5b65cc98a55f04b6cfaba825b2ac08f6492d48e,CEBOLLA GRANULADA 40-60 MESH,cebolla granulada mesh,71220,71233.0,-10.972944259643556,0.72295886,,"[""071233"", ""071450"", ""090812"", ""071331"", ""110620""]",True,True,hs_code_mismatch
66eac8296ab8245096cf0884624b5cc1f8097978198a1f779b1ddb242878eb27,CEBOLLA,cebolla,71220,120510.0,-10.64304542541504,0.7403075,,"[""120510"", ""070410"", ""071440"", ""071450"", ""090831""]",True,True,hs_code_mismatch
4d003bb60019bddf46edc9b7bb6465ebb249049dfb4eaf099f7830649159d367,535 CEBOLLA GRANULADA,cebolla granulada,71220,71440.0,-11.133171081542969,0.6494357,,"[""071440"", ""070410"", ""071410"", ""071331"", ""100119""]",True,True,hs_code_mismatch
3fb326898703ba287e9cba664ac9ff172337d1aae0a6a6f8a7d1ff34cc445802,CEBOLLAS DESHIDRATADAS,cebollas deshidratadas,71220,71233.0,-11.190932273864746,0.60709137,,"[""071233"", ""071440"", ""071450"", ""070410"", ""081060""]",True,True,hs_code_mismatch
0843c06ceb5a65b09705b01b23bf7d9a6963f148482cd5f19caf8be8d4f2edef,CEBOLLAS GRANULADAS 8-16,cebollas granuladas,71220,71233.0,-10.952513694763184,0.6062,,"[""071233"", ""071440"", ""071450"", ""071331"", ""100119""]",True,True,hs_code_mismatch
ef6840d1402a6cccfcd1a52739a2dfae522904ccb5fc6f4552cd672b62f34297,535 CEBOLLA GRANULADA,cebolla granulada,71220,71440.0,-11.133171081542969,0.6494357,,"[""071440"", ""070410"", ""071410"", ""071331"", ""100119""]",True,True,hs_code_mismatch
385e51e6afb68e7b99df5429e2aa863fb587956bb49dda7cecf1e5624f6a2fa5,535 CEBOLLA GRANULADA,cebolla granulada,71220,71440.0,-11.133171081542969,0.6494357,,"[""071440"", ""070410"", ""071410"", ""071331"", ""100119""]",True,True,hs_code_mismatch
e9836f85b736980200fb0ccd033084fc433ae2736548cf54cb663da93d259983,535 / CEBOLLA GRANULADA,cebolla granulada,71220,71440.0,-11.133171081542969,0.6494357,,"[""071440"", ""070410"", ""071410"", ""071331"", ""100119""]",True,True,hs_code_mismatch
990526f59089b21bc57266ddf3159947e7b6b3b4c69d2b90efc31a11d6591e0b,535 CEBOLLA GRANULADA,cebolla granulada,71220,71440.0,-11.133171081542969,0.6494357,,"[""071440"", ""070410"", ""071410"", ""071331"", ""100119""]",True,True,hs_code_mismatch
ba492ee82117bda3f5701f5b4aa5d56b666d8c96cb1a50c9f8a5bb095946e194,535 CEBOLLA GRANULADA,cebolla granulada,71220,71440.0,-11.133171081542969,0.6494357,,"[""071440"", ""070410"", ""071410"", ""071331"", ""100119""]",True,True,hs_code_mismatch
d3f9caf1693e1c18e93451fa9fbe3d211164cc22b3bd2fef8d61164bd6377528,CEBOLLA EN POLVO,cebolla polvo,71220,80270.0,-11.270511627197266,0.7302345,,"[""080270"", ""071440"", ""070410"", ""071410"", ""100840""]",True,True,hs_code_mismatch
d93f9de995a42589b55607066342929a61865e22dfeb6e6d6f28821fda79c409,PUERRO BLANCO VERDE EN TROZOS X 1KG,puerro blanco verde trozos x,71220,80540.0,-11.208599090576172,0.64745677,,"[""080540"", ""071332"", ""071350"", ""090510"", ""080510""]",True,True,hs_code_mismatch
15f97d82eb3d2491aedc29946ee1495d54db56e32e15d7973504d459b5b77cce,CEBOLLAS DESHIDRATADAS,cebollas deshidratadas,71220,71233.0,-11.190932273864746,0.60709137,,"[""071233"", ""071440"", ""071450"", ""070410"", ""081060""]",True,True,hs_code_mismatch
6adea383dcbc8f5af29b19fe92e0178a3cdb24268c8cf8ee13bfbd042d81a870,PUERRO SECO,puerro seco,71220,90421.0,-6.983434677124023,0.7340683,,"[""090421"", ""071339"", ""100840"", ""071332"", ""071430""]",True,True,hs_code_mismatch
901e8a03499cc596e95ec5a1c820c2e932fa8eebcf937cfd2b4be0e41c6dab0d,CEBOLLA ESCAMAS DESHIDRATADAS,cebolla escamas deshidratadas,71220,80111.0,-11.24159812927246,0.66385645,,"[""080111"", ""071450"", ""071440"", ""070410"", ""071430""]",True,True,hs_code_mismatch
6a25fd9099c0aaf564f3ae97b21555a507e1060cbf01fcb67bc7b55522c9a0b0,CEBOLLA EN TROZOS,cebolla trozos,71220,71233.0,-9.92128562927246,0.62889385,,"[""071233"", ""071440"", ""070410"", ""071430"", ""100840""]",True,True,hs_code_mismatch
df677acf0700a9d45892298eb816755526de9a370ba9da9bbb3f033ea7eaee0f,CEBOLLA EN TROZOS,cebolla trozos,71220,71233.0,-9.92128562927246,0.62889385,,"[""071233"", ""071440"", ""070410"", ""071430"", ""100840""]",True,True,hs_code_mismatch
764dc7141e90859259d76e2a70e73387f5e8edfac96bd66bf76b263b114f04c8,CEBOLLA EN ESCAMAS,cebolla escamas,71220,71450.0,-11.24869155883789,0.7236565,,"[""071450"", ""071440"", ""071410"", ""071430"", ""090831""]",True,True,hs_code_mismatch
6f83549cfafa13a101c5e42918565aa7c31bdf7028ea964bcede777219ae752c,535-CEBOLLA GRANULADA,cebolla granulada,71220,71440.0,-11.133171081542969,0.6494357,,"[""071440"", ""070410"", ""071410"", ""071331"", ""100119""]",True,True,hs_code_mismatch
5b304e65607b79a5275960d8ab0b71a95d960b4abd1974e6f2a7c7561b569eb0,535-CEBOLLA,cebolla,71220,120510.0,-10.64304542541504,0.7403075,,"[""120510"", ""070410"", ""071440"", ""071450"", ""090831""]",True,True,hs_code_mismatch
f7175de48c30e55ed7eb87c190525bd4201899d2ed125a7c10631ca132a47e92,CEBOLLA GRANULADA 40-60 MESH,cebolla granulada mesh,71220,71233.0,-10.972944259643556,0.72295886,,"[""071233"", ""071450"", ""090812"", ""071331"", ""110620""]",True,True,hs_code_mismatch
8a981bc2cfa2838d9f4912628d87d63bf69529844ca4d2ca2d16ce8b8db52443,CEBOLLA EN TROZOS,cebolla trozos,71220,71233.0,-9.92128562927246,0.62889385,,"[""071233"", ""071440"", ""070410"", ""071430"", ""100840""]",True,True,hs_code_mismatch
40944b19949cc7c599c39fdce75ddd44d12ec636f757842aa56e616202f40f10,CEBOLLA PICADA 8-16MESH,cebolla picada mesh,71220,71450.0,-11.25994873046875,0.7397228,,"[""071450"", ""071440"", ""110814"", ""110813"", ""100840""]",True,True,hs_code_mismatch
6f32d172fa7615da6da385d75ce3e635743e072989e284acc5bf10563e1097cd,535 / CEBOLLA,cebolla,71220,120510.0,-10.64304542541504,0.7403075,,"[""120510"", ""070410"", ""071440"", ""071450"", ""090831""]",True,True,hs_code_mismatch
d4bc118832f8ab1b50e7742eb8a89543b337bd74cbac996996bfb7f9addd6843,CEBOLLAS PICADA 8-16 MESH,cebollas picada mesh,71220,71450.0,-11.30226230621338,0.743999,,"[""071450"", ""071440"", ""071430"", ""110814"", ""100840""]",True,True,hs_code_mismatch
a93f9f4719915646b75b1ba9125b96278634d66a710975463c40dfc6b38a7469,CEBOLLAS PICADAS 8-16 MESH,cebollas picadas mesh,71220,71440.0,-11.31239891052246,0.75308937,,"[""071440"", ""071450"", ""071430"", ""100840"", ""120923""]",True,True,hs_code_mismatch
1f4b2833df44dc523ccaa18f3101d88c10ad9943a568003bb2605052695164f2,535- CEBOLLA GRANULADA,cebolla granulada,71220,71440.0,-11.133171081542969,0.6494357,,"[""071440"", ""070410"", ""071410"", ""071331"", ""100119""]",True,True,hs_code_mismatch
2f89cf7cf5268c773f447e575e60f3eaa2b35c513a513d6831f2fb64d5a8fc71,CEBOLLAS DESHIDRATADAS,cebollas deshidratadas,71220,71233.0,-11.190932273864746,0.60709137,,"[""071233"", ""071440"", ""071450"", ""070410"", ""081060""]",True,True,hs_code_mismatch
a0e728a7b82df983491c3784e220fb023f9b28b2414b2d591c2e596561c26cd6,FROZEN VEGETABLE (GREEN PEAS),frozen vegetable green peas,71310,71021.0,6.308748722076416,0.2304936,,"[""071021"", ""071029"", ""070810"", ""071080"", ""071090""]",True,True,hs_code_mismatch
138d62d09d3de847e6e86b0d0272839c045a1e9bca46874927f170c8eca67a41,PACKAGE(S) MIX METAL FREIGHT PREPAIDEMAIL: TOPMETAL2016K GMAIL.COM,package s mix metal freight prepaidemail topmetal k gmail com,71310,91091.0,-11.202126502990724,0.70487285,,"[""091091"", ""081350"", ""100829"", ""090520"", ""080262""]",True,True,hs_code_mismatch
7322085ebd916105b8d8f3017a9ab490244f80b1af1fbc35712013da976c34fe,"PEA SEEDS
52 F (11C), VENTS CLOSED
HS: 0713.10
FREIGHT PREPAID
DESTINATION FREE TIME: 3 DAYS
TARIFF
WOODEN PALLETS TREATED AND
CERTIFIED",pea seeds f c vents closed hs freight prepaid destination free time,71310,71333.0,-10.937837600708008,0.74622023,,"[""071333"", ""070810"", ""071021"", ""071022"", ""071339""]",True,True,hs_code_mismatch
d2ba0153ef8f9d353013df8e3fd8891c88f75d9167fcdc508aa1b20bfb435bbd,PEA SEED PEA SEED HS CODE: 0713.10 PEA SEED HS CODE: 0713.10,pea seed pea seed hs code pea seed hs code,71310,100821.0,-8.426976203918457,0.6385444,,"[""100821"", ""120110"", ""100710"", ""120791"", ""100210""]",True,True,hs_code_mismatch
2b6cb7813ac823ca2036cf8f5037edcc15d569c3878f787c99bf1c52efa01889,KENNEDY PEA SEED; SEEDS FOR SOWING; CT; 700; 0; 42000;,kennedy pea seed seeds sowing ct,71310,100210.0,-2.949573040008545,0.5433449,,"[""100210"", ""120991"", ""120924"", ""120999"", ""070110""]",True,True,hs_code_mismatch
489a4f43b8b53d8216f78b695a1293bea988f43796461bfa7c4a73def3c329cc,"ARVEJA, SEMILLAS, S/M, S/M, EN KILOGRAMOS // 800 BOLSAS DE 25 KG C/U, PARA SIEMBRA, ARVEJA, SEMILLAS, LOTE: XG2",arveja semillas s m s m kilogramos bolsas c u siembra arveja,71310,100821.0,-11.168096542358398,0.6210201,,"[""100821"", ""100829"", ""110610"", ""080261"", ""080121""]",True,True,hs_code_mismatch
5d40964c7fe5f1c1701e9d5f4274edf6e48de832fc12ebce653b26ca33662c21,D.O. 4720/2024 (1/1). COD UTS U00829 . CTTO NO. S242273. MERCANCIA NUEVA. MODIFICACION REGISTRO DE IMPORTACION No. REG-R,d o cod uts u ctto no s mercancia nueva modificacion registro,71310,100840.0,-11.472970962524414,0.7235303,,"[""100840"", ""071151"", ""080262"", ""080261"", ""071159""]",True,True,hs_code_mismatch
d9681c26704c70159c3fcc8dc8fcb5adb3b62096d2ffe9e3b00f061448fe0756,DO 220240325 PEDIDO TRAMITE: IMP 097-2024 DECLARACION(1-1) EXCLUSION DE IVA SEGUN (ESTATUTO TRIBUTARIO) DECRETO EXTRAORD,do pedido tramite imp declaracion exclusion iva segun estatuto tributario decreto extraord,71310,100860.0,-11.452399253845217,0.78570825,,"[""100860"", ""071440"", ""080252"", ""080251"", ""120241""]",True,True,hs_code_mismatch
c429fbb103de2eb04c72f913b67a43f942e04a239cb1703f237ba3d855af3a27,"DO 3519541 DECLARACION(1-1) MV MSC SAMIRA PRODUCTO: ARVEJA VERDE, ESTADO DE CONSERVACION: SECAS, USOS: PARA CONSUMO HUM",do declaracion mv msc samira producto arveja verde estado conservacion secas usos,71310,120300.0,-11.448253631591797,0.69479686,,"[""120300"", ""081350"", ""080510"", ""071430"", ""120710""]",True,True,hs_code_mismatch
558a6ba2631b3471df93bf30e803b073dac48322020a4809c6b3a274ac81ed16,DO BUN-24-2997. DIM 1 de 1. Factura(s)...VT-145040-B 17112024 NOS ACOGEMOS AL TLC CON CANADA SEGuN DECTO 1852012 GRA,do bun dim s vt b nos acogemos al tlc canada segun,71310,71334.0,-11.447332382202148,0.6880102,,"[""071334"", ""071350"", ""071339"", ""071022"", ""110100""]",True,True,hs_code_mismatch
bd32295b55880b299f86c554911997689f10cebdc2a7201e638e8f763002390f,"DATE VYRABOTKI APRIL 2025.,ДАТА ВЫРАБОТКИ АПРЕЛЬ 2025 Г.",date vyrabotki april дата выработки апрель г,71310,80410.0,-7.77872896194458,0.57349026,,"[""080410"", ""080510"", ""100810"", ""081010"", ""100410""]",True,True,hs_code_mismatch
31768b2c8f6c155cf71bf7c15138eadd98c9bff6ef12d7116bb1ddc409f99b1d,"HARVEST 2024, BULK,урожай 2024 года, насыпью",harvest bulk урожай года насыпью,71310,90240.0,-0.5701174736022949,0.54473126,,"[""090240"", ""090220"", ""100410"", ""071290"", ""081350""]",True,True,hs_code_mismatch
e24e37fa685696c98633c74e4464510ce7f860bbda11e38a8cee8ff7cc96a2bc,"ARVEJA, S/M, S/M, LOTE N° 505183, F.PROD. 04/2025, F. VCTO. 04/2027, USO COMERCIAL - CONSUMO HUMANO, EN SACOS, ARVEJA GRANO ENTERO, YELLOW PEAS",arveja s m s m lote n f prod f vcto uso,71310,100840.0,-11.27774429321289,0.7443291,,"[""100840"", ""120190"", ""071350"", ""080121"", ""100821""]",True,True,hs_code_mismatch
e529144efd1d58663bec66bde96a0eaee14b239e268d2026d6858155021bd216,"ARVEJA, RUMBA, S/M, LOTE N° 126638, F. PROD. 04/2025, F. VCTO. 04/2027, USO COMERCIAL - CONSUMO HUMANO, EN SACOS, ARVEJA GRANO PARTIDO, US#1 GREEN SPLIT PEAS 2024 CROP",arveja rumba s m lote n f prod f vcto uso comercial,71310,121292.0,-11.396723747253418,0.72601473,,"[""121292"", ""080121"", ""080291"", ""100410"", ""100821""]",True,True,hs_code_mismatch
2d27d37ded18cde39cae5bd790cfb7044b869b131db492e21122c0831a40b069,"ARVEJA, GRANO PARTIDO, BELLE PULSES, SIN MODELO, 2040 SACOS DE 100 LB CADA SACO, COSECHA: 2024, ARVEJA, GRANO PARTIDO // GREEN SPLIT PEAS #1 US, USO: COMERCIALIZACION,CREDITO 45 DIAS DE FACTURA",arveja grano partido belle pulses sin modelo sacos cada saco cosecha arveja,71310,71390.0,-11.01100254058838,0.7360864,,"[""071390"", ""071332"", ""110814"", ""071410"", ""100510""]",True,True,hs_code_mismatch
2be120ec5608881d1ac889e24e5a0e65f8153b8519da26bf7b55ed4dcb2f67c3,"ARVERJA, GRANO PARTIDO, S/M, S/M, ARVERJA, GRANO PARTIDO // PFI:259901760-2025-MIDAGRI-SENASA-DSV-SCV, PARA SU COMERCIALIZACION // VUCE DR 2025097841, SPLIT GREEN PEAS // CANADA #2 OR BETTER, LOTE:SGP24-110D - F.PROD:02/2025 - F.VENC:02/2027",arverja grano partido s m s m arverja grano partido pfi midagri,71310,71410.0,-11.438844680786133,0.7238002,,"[""071410"", ""100850"", ""120810"", ""110620"", ""100821""]",True,True,hs_code_mismatch
b5e7b50a1b3047c045dfeeeb36f12ef8f4f9291a537b410a088e3e0c5f361541,"ARVEJA, GRANO PARTIDO, SUPER 7, S/M, N° de PFI: 259903726-2025-MIDAGRI-SENASA-DSV-SCV, COMERCIALIZACION, LOTE: MI0187811 MFG 04/2025 EXP 04/2027; 5510 X 100 LB BAGS, GREEN SPLIT PEAS, CERTIFICADO FITOSANITARIO N° 4096150",arveja grano partido super s m n pfi midagri senasa dsv scv,71310,71410.0,-11.4844970703125,0.6790893,,"[""071410"", ""120300"", ""080280"", ""110620"", ""120810""]",True,True,hs_code_mismatch
b8354a1a9a720ae998e3e9fababfa283c1554e8c29dfa618662e2c4c6adcb96a,"ARVEJA, GRANO PARTIDO, AGT, SIN MODELO, 5510 SACOS DE 100 LB CADA SACO, COSECHA: 2024, ARVEJA, GRANO PARTIDO // GREEN SPLIT PEAS CANADIAN, USO: COMERCIALIZACION,CREDITO 60 DIAS DE FACTURA",arveja grano partido agt sin modelo sacos cada saco cosecha arveja grano,71310,71334.0,-11.431266784667969,0.7337221,,"[""071334"", ""120810"", ""071331"", ""110620"", ""071410""]",True,True,hs_code_mismatch
